Workbook
Name bu42019._1: Sheet3!$H$1:$L$84
Name BU42025.: Sheet4!$A$1:$F$88
Name BUpDes2018.: Sheet3!$A$1:$E$84

Sheet Sheet1
J6: TRIWULAN IV 2015 | R6: TRIWULAN I 2016 | Z6: TRIWULAN II 2016 | AL6: TRIWULAN III 2016 | AU6: TRIWULAN IV 2016 | BD6: TRIWULAN I 2017 | BN6: TRIWULAN II 2017 | BX6: TRIWULAN III 2017 | CH6: TRIWULAN IV 2017 | CR6: TRIWULAN I 2018 | DB6: TRIWULAN 2 2018 | DL6: TRIWULAN 3 2018 | DV6: TRIWULAN 4 2018 | EF6: TRIWULAN 1 2019 | EP6: Triwulan 2 2019 | EZ6: Triwulan 3 2019 | FJ6: Triwulan 4 2019 | FT6: Triwulan 1 2020 | GD6: Triwulan 2 2020 | GN6: Triwulan 3 2020 | GX6: Triwulan 4 2020 | HI6: Triwulan 1 2021 | HS6: Triwulan 2 2021 | IC6: Triwulan 3 2021 | IM6: Triwulan 4 2021 | IW6: Triwulan 1 2022 | JG6: Triwulan 2 2022 | JQ6: Triwulan 3 2022 | KA6: Triwulan 4 2022 | KK6: Triwulan 1 2023 | KU6: Triwulan 2 2023 | LE6: Triwulan 3 2023 | LO6: Triwulan 4 2023 | LY6: Triwulan 1 2024 | MI6: Triwulan 2 2024 | MS6: Triwulan 3 2024 | NC6: Triwulan 4 2024 | NM6: Triwulan 1 2025 | NW6: Triwulan 2 2025 | OG6: Triwulan 3 2025 | OQ6: Triwulan 4 2025
K7: MWH | L7: SUSUT BAKAR | N7: MWD | O7: Sisa (gram) | S7: MWH | T7: SUSUT BAKAR | V7: MWD | W7: Sisa (gram) | AA7: MWH | AB7: SUSUT BAKAR | AD7: MWD | AE7: Sisa (gram) | AM7: MWH | AN7: SUSUT BAKAR | AP7: MWD | AQ7: Sisa (gram) | AV7: MWH | AW7: SUSUT BAKAR | AY7: MWD | AZ7: Sisa (gram) | BE7: MWH | BF7: SUSUT BAKAR | BH7: MWD | BI7: Sisa (gram) | BO7: MWH | BP7: SUSUT BAKAR | BR7: MWD | BS7: Sisa (gram) | BY7: MWH | BZ7: SUSUT BAKAR | CB7: MWD | CC7: Sisa (gram) | CI7: MWH | CJ7: SUSUT BAKAR | CL7: MWD | CM7: Sisa (gram) | CR7: No Elemen | CS7: MWH | CT7: SUSUT BAKAR | CV7: MWD | CW7: Sisa (gram) | DB7: No Elemen | DC7: MWH | DD7: SUSUT BAKAR | DF7: MWD | DG7: Sisa (gram) | DL7: No Elemen | DM7: MWH | DN7: SUSUT BAKAR | DP7: MWD | DQ7: Sisa (gram) | DV7: No Elemen | DW7: MWH | DX7: SUSUT BAKAR | DZ7: MWD | EA7: Sisa (gram) | EF7: No Elemen | EG7: MWH | EH7: SUSUT BAKAR | EJ7: MWD | EK7: Sisa (gram) | EP7: No Elemen | EQ7: MWH | ER7: SUSUT BAKAR | ET7: MWD | EU7: Sisa (g) | EZ7: No Elemen | FA7: MWH | FB7: SUSUT BAKAR | FD7: MWD | FE7: Sisa (g) | FJ7: No Elemen | FK7: MWH | FL7: SUSUT BAKAR | FN7: MWD | FO7: Sisa (g) | FT7: No Elemen | FU7: MWH | FV7: SUSUT BAKAR | FX7: MWD | FY7: Sisa (g) | GD7: No Elemen | GE7: MWH | GF7: SUSUT BAKAR | GH7: MWD | GI7: Sisa (g) | GN7: No Elemen | GO7: MWH | GP7: SUSUT BAKAR | GR7: MWD | GS7: Sisa (g) | GX7: No Elemen | GY7: MWH | GZ7: SUSUT BAKAR | HB7: MWD | HC7: Sisa (g) | HI7: No Elemen | HJ7: MWH | HK7: SUSUT BAKAR | HM7: MWD | HN7: Sisa (g) | HS7: No Elemen | HT7: MWH | HU7: SUSUT BAKAR | HW7: MWD | HX7: Sisa (g) | IC7: No Elemen | ID7: MWH | IE7: SUSUT BAKAR | IG7: MWD | IH7: Sisa (g) | IM7: No Elemen | IN7: MWH | IO7: SUSUT BAKAR | IQ7: MWD | IR7: Sisa (g) | IW7: No Elemen | IX7: MWH | IY7: SUSUT BAKAR | JA7: MWD | JB7: Sisa (g) | JG7: No Elemen | JH7: MWH | JI7: SUSUT BAKAR | JK7: MWD | JL7: Sisa (g) | JQ7: No Elemen | JR7: MWH | JS7: SUSUT BAKAR | JU7: MWD | JV7: Sisa (g) | KA7: No Elemen | KB7: MWH | KC7: SUSUT BAKAR | KE7: MWD | KF7: Sisa (g) | KK7: No Elemen | KL7: MWH | KM7: SUSUT BAKAR | KO7: MWD | KP7: Sisa (g) | KU7: No Elemen | KV7: MWH | KW7: SUSUT BAKAR | KY7: MWD | KZ7: Sisa (g) | LE7: No Elemen | LF7: MWH | LG7: SUSUT BAKAR | LI7: MWD | LJ7: Sisa (g) | LO7: No Elemen | LP7: MWH | LQ7: SUSUT BAKAR | LS7: MWD | LT7: Sisa (g) | LY7: No Elemen | LZ7: MWH | MA7: SUSUT BAKAR | MC7: MWD | MD7: Sisa (g) | MI7: No Elemen | MJ7: MWH | MK7: SUSUT BAKAR | MM7: MWD | MN7: Sisa (g) | MS7: No Elemen | MT7: MWH | MU7: SUSUT BAKAR | MW7: MWD | MX7: Sisa (g) | NC7: No Elemen | ND7: MWH | NE7: SUSUT BAKAR | NG7: MWD | NH7: Sisa (g) | NM7: No Elemen | NN7: MWH | NO7: SUSUT BAKAR | NQ7: MWD | NR7: Sisa (g) | NW7: No Elemen | NX7: MWH | NY7: SUSUT BAKAR | OA7: MWD | OB7: Sisa (g) | OG7: No Elemen | OH7: MWH | OI7: SUSUT BAKAR | OK7: MWD | OL7: Sisa (g) | OQ7: No Elemen | OR7: MWH | OS7: SUSUT BAKAR | OU7: MWD | OV7: Sisa (g)
L8: % U-235 | M8: (g) U-235 | T8: % U-235 | U8: (g) U-235 | AB8: % U-235 | AC8: (g) U-235 | AN8: % U-235 | AO8: (g) U-235 | AW8: % U-235 | AX8: (g) U-235 | BF8: % U-235 | BG8: (g) U-235 | BP8: % U-235 | BQ8: (g) U-235 | BZ8: % U-235 | CA8: (g) U-235 | CJ8: % U-235 | CK8: (g) U-235 | CT8: % U-235 | CU8: (g) U-235 | DD8: % U-235 | DE8: (g) U-235 | DN8: % U-235 | DO8: (g) U-235 | DX8: % U-235 | DY8: (g) U-235 | EH8: % U-235 | EI8: (g) U-235 | ER8: % U-235 | ES8: (g) U-235 | FB8: % U-235 | FC8: (g) U-235 | FL8: % U-235 | FM8: (g) U-235 | FV8: % U-235 | FW8: (g) U-235 | GF8: % U-235 | GG8: (g) U-235 | GP8: % U-235 | GQ8: (g) U-235 | GZ8: % U-235 | HA8: (g) U-235 | HK8: % U-235 | HL8: (g) U-235 | HU8: % U-235 | HV8: (g) U-235 | IE8: % U-235 | IF8: (g) U-235 | IO8: % U-235 | IP8: (g) U-235 | IY8: % U-235 | IZ8: (g) U-235 | JI8: % U-235 | JJ8: (g) U-235 | JS8: % U-235 | JT8: (g) U-235 | KC8: % U-235 | KD8: (g) U-235 | KM8: % U-235 | KN8: (g) U-235 | KW8: % U-235 | KX8: (g) U-235 | LG8: % U-235 | LH8: (g) U-235 | LQ8: % U-235 | LR8: (g) U-235 | MA8: % U-235 | MB8: (g) U-235 | MK8: % U-235 | ML8: (g) U-235 | MU8: % U-235 | MV8: (g) U-235 | NE8: % U-235 | NF8: (g) U-235 | NO8: % U-235 | NP8: (g) U-235 | NY8: % U-235 | NZ8: (g) U-235 | OI8: % U-235 | OJ8: (g) U-235 | OS8: % U-235 | OT8: (g) U-235
A9: 1 | B9: 9884 | C9: A | D9: 37.41 | J9: 9884 | K9: 0 | L9: 0 | M9: 0 | N9: 0 | R9: 9884 | S9: 0 | T9: 0 | U9: 0 | V9: 0 | Z9: 9884 | AA9: 0 | AB9: 0 | AC9: 0 | AD9: 0 | AG9: 1 | AH9: 9884 | AI9: A | AJ9: 37.41 | AL9: 9884 | AM9: 0 | AN9: 0 | AO9: 0 | AP9: =AM9/24 -> 0 | AU9: 9884 | AV9: 0 | AW9: 0 | AX9: 0 | AY9: =AV9/24 -> 0 | BD9: 9884 | BE9: 0 | BF9: 0 | BG9: 0 | BH9: =BE9/24 -> 0 | BN9: 9884 | BO9: 0 | BP9: 0 | BQ9: 0 | BR9: =BO9/24 -> 0 | BX9: 9884 | BY9: 0 | BZ9: 0 | CA9: 0 | CB9: =BY9/24 -> 0 | CH9: 9884 | CI9: 0 | CJ9: 0 | CK9: 0 | CL9: =CI9/24 -> 0 | CR9: 9884 | CS9: 0 | CT9: 0 | CU9: 0 | CV9: =CS9/24 -> 0 | DB9: 9884 | DC9: 0 | DD9: 0 | DE9: 0 | DF9: =DC9/24 -> 0 | DL9: 9884 | DM9: 0 | DN9: 0 | DO9: 0 | DP9: =DM9/24 -> 0 | DV9: 9884 | DW9: 0 | DX9: 0 | DY9: 0 | DZ9: =DW9/24 -> 0 | EF9: 9884 | EG9: 0 | EH9: 0 | EI9: 0 | EJ9: =EG9/24 -> 0 | EP9: 9884 | EQ9: 0 | ER9: 0 | ES9: 0 | ET9: =EQ9/24 -> 0 | EZ9: 9884 | FA9: 0 | FB9: 0 | FC9: 0 | FD9: =FA9/24 -> 0 | FJ9: 9884 | FK9: 0 | FL9: 0 | FM9: 0 | FN9: =FK9/24 -> 0 | FT9: 9884 | FU9: 0 | FV9: 0 | FW9: 0 | FX9: =FU9/24 -> 0 | GD9: 9884 | GE9: 0 | GF9: 0 | GG9: 0 | GH9: =GE9/24 -> 0 | GN9: 9884 | GO9: 0 | GP9: 0 | GQ9: 0 | GR9: =GO9/24 -> 0 | GX9: 9884 | GY9: =VLOOKUP(GX9,Sheet3!$AJ$7:$AN$83,2,0) -> 0 | GZ9: =VLOOKUP(GX9,Sheet3!$AJ$7:$AN$83,2,0) -> 0 | HA9: =VLOOKUP(GX9,Sheet3!$AJ$7:$AN$83,4,0) -> 0 | HB9: =GY9/24 -> 0 | HI9: 9884 | HJ9: =VLOOKUP(HI9,Sheet3!$AQ$7:$AU$83,2,0) -> 0 | HK9: =VLOOKUP(HI9,Sheet3!$AQ$7:$AU$83,3,0) -> 0 | HL9: =VLOOKUP(HI9,Sheet3!$AQ$7:$AV$83,4,0) -> 0 | HM9: =HJ9/24 -> 0 | HS9: 9884 | HT9: 0 | HU9: 0 | HV9: 0 | HW9: =HT9/24 -> 0 | IC9: 9884 | ID9: 0 | IE9: 0 | IF9: 0 | IG9: =ID9/24 -> 0 | IM9: 9884 | IN9: 0 | IO9: 0 | IP9: 0 | IQ9: =IN9/24 -> 0 | IW9: 9884 | IX9: 0 | IY9: 0 | IZ9: 0 | JA9: =IX9/24 -> 0 | JG9: 9884 | JH9: 0 | JI9: 0 | JJ9: 0 | JK9: =JH9/24 -> 0 | JQ9: 9884 | JR9: 0 | JS9: 0 | JT9: 0 | JU9: =JR9/24 -> 0 | KA9: 9884 | KB9: 0 | KC9: 0 | KD9: 0 | KE9: =KB9/24 -> 0 | KK9: 9884 | KL9: 0 | KM9: 0 | KN9: 0 | KO9: =KL9/24 -> 0 | KU9: 9884 | KV9: 0 | KW9: 0 | KX9: 0 | KY9: =KV9/24 -> 0 | LE9: 9884 | LF9: 0 | LG9: 0 | LH9: 0 | LI9: =LF9/24 -> 0 | LO9: 9884 | LP9: 0 | LQ9: 0 | LR9: 0 | LS9: =LP9/24 -> 0 | LY9: 9884 | LZ9: 0 | MA9: 0 | MB9: 0 | MC9: =LZ9/24 -> 0 | MI9: 9884 | MJ9: 0 | MK9: 0 | ML9: 0 | MM9: =MJ9/24 -> 0 | MS9: 9884 | MT9: 0 | MU9: 0 | MV9: 0 | MW9: =MT9/24 -> 0 | NC9: 9884 | ND9: 0 | NE9: 0 | NF9: 0 | NG9: =ND9/24 -> 0 | NM9: 9884 | NN9: 0 | NO9: 0 | NP9: 0 | NQ9: =NN9/24 -> 0 | NW9: 9884 | NX9: 0 | NY9: 0 | NZ9: 0 | OA9: =NX9/24 -> 0 | OG9: 9884 | OH9: 0 | OI9: 0 | OJ9: 0 | OK9: =OH9/24 -> 0 | OQ9: 9884 | OR9: 0 | OS9: 0 | OT9: 0 | OU9: =OR9/24 -> 0
A10: 2 | B10: 10005 | C10: A | D10: 38.08 | J10: 10005 | K10: 0 | L10: 0 | M10: 0 | N10: 0 | R10: 10005 | S10: 0 | T10: 0 | U10: 0 | V10: 0 | Z10: 10005 | AA10: 0 | AB10: 0 | AC10: 0 | AD10: 0 | AG10: 2 | AH10: 10005 | AI10: A | AJ10: 38.08 | AL10: 10005 | AM10: 0 | AN10: 0 | AO10: 0 | AP10: =AM10/24 -> 0 | AU10: 10005 | AV10: 0 | AW10: 0 | AX10: 0 | AY10: =AV10/24 -> 0 | BD10: 10005 | BE10: 0 | BF10: 0 | BG10: 0 | BH10: =BE10/24 -> 0 | BN10: 10005 | BO10: 0 | BP10: 0 | BQ10: 0 | BR10: =BO10/24 -> 0 | BX10: 10005 | BY10: 0 | BZ10: 0 | CA10: 0 | CB10: =BY10/24 -> 0 | CH10: 10005 | CI10: 0 | CJ10: 0 | CK10: 0 | CL10: =CI10/24 -> 0 | CR10: 10005 | CS10: 0 | CT10: 0 | CU10: 0 | CV10: =CS10/24 -> 0 | DB10: 10005 | DC10: 0 | DD10: 0 | DE10: 0 | DF10: =DC10/24 -> 0 | DL10: 10005 | DM10: 0 | DN10: 0 | DO10: 0 | DP10: =DM10/24 -> 0 | DV10: 10005 | DW10: 0 | DX10: 0 | DY10: 0 | DZ10: =DW10/24 -> 0 | EF10: 10005 | EG10: 0 | EH10: 0 | EI10: 0 | EJ10: =EG10/24 -> 0 | EP10: 10005 | EQ10: 0 | ER10: 0 | ES10: 0 | ET10: =EQ10/24 -> 0 | EZ10: 10005 | FA10: 0 | FB10: 0 | FC10: 0 | FD10: =FA10/24 -> 0 | FJ10: 10005 | FK10: 0 | FL10: 0 | FM10: 0 | FN10: =FK10/24 -> 0 | FT10: 10005 | FU10: 0 | FV10: 0 | FW10: 0 | FX10: =FU10/24 -> 0 | GD10: 10005 | GE10: 0 | GF10: 0 | GG10: 0 | GH10: =GE10/24 -> 0 | GN10: 10005 | GO10: 0 | GP10: 0 | GQ10: 0 | GR10: =GO10/24 -> 0 | GX10: 10005 | GY10: =VLOOKUP(GX10,Sheet3!$AJ$7:$AN$83,2,0) -> 0 | GZ10: =VLOOKUP(GX10,Sheet3!$AJ$7:$AN$83,3,0) -> 0 | HA10: =VLOOKUP(GX10,Sheet3!$AJ$7:$AN$83,4,0) -> 0 | HB10: =GY10/24 -> 0 | HI10: 10005 | HJ10: =VLOOKUP(HI10,Sheet3!$AQ$7:$AU$83,2,0) -> 0 | HK10: =VLOOKUP(HI10,Sheet3!$AQ$7:$AU$83,3,0) -> 0 | HL10: =VLOOKUP(HI10,Sheet3!$AQ$7:$AV$83,4,0) -> 0 | HM10: =HJ10/24 -> 0 | HS10: 10005 | HT10: 0 | HU10: 0 | HV10: 0 | HW10: =HT10/24 -> 0 | IC10: 10005 | ID10: 0 | IE10: 0 | IF10: 0 | IG10: =ID10/24 -> 0 | IM10: 10005 | IN10: 0 | IO10: 0 | IP10: 0 | IQ10: =IN10/24 -> 0 | IW10: 10005 | IX10: 0 | IY10: 0 | IZ10: 0 | JA10: =IX10/24 -> 0 | JG10: 10005 | JH10: 0 | JI10: 0 | JJ10: 0 | JK10: =JH10/24 -> 0 | JQ10: 10005 | JR10: 0 | JS10: 0 | JT10: 0 | JU10: =JR10/24 -> 0 | KA10: 10005 | KB10: 0 | KC10: 0 | KD10: 0 | KE10: =KB10/24 -> 0 | KK10: 10005 | KL10: 0 | KM10: 0 | KN10: 0 | KO10: =KL10/24 -> 0 | KU10: 10005 | KV10: 0 | KW10: 0 | KX10: 0 | KY10: =KV10/24 -> 0 | LE10: 10005 | LF10: 0 | LG10: 0 | LH10: 0 | LI10: =LF10/24 -> 0 | LO10: 10005 | LP10: 0 | LQ10: 0 | LR10: 0 | LS10: =LP10/24 -> 0 | LY10: 10005 | LZ10: 0 | MA10: 0 | MB10: 0 | MC10: =LZ10/24 -> 0 | MI10: 10005 | MJ10: 0 | MK10: 0 | ML10: 0 | MM10: =MJ10/24 -> 0 | MS10: 10005 | MT10: 0 | MU10: 0 | MV10: 0 | MW10: =MT10/24 -> 0 | NC10: 10005 | ND10: 0 | NE10: 0 | NF10: 0 | NG10: =ND10/24 -> 0 | NM10: 10005 | NN10: 0 | NO10: 0 | NP10: 0 | NQ10: =NN10/24 -> 0 | NW10: 10005 | NX10: 0 | NY10: 0 | NZ10: 0 | OA10: =NX10/24 -> 0 | OG10: 10005 | OH10: 0 | OI10: 0 | OJ10: 0 | OK10: =OH10/24 -> 0 | OQ10: 10005 | OR10: 0 | OS10: 0 | OT10: 0 | OU10: =OR10/24 -> 0
A11: 3 | B11: 9883 | C11: B | D11: 37.46 | J11: 9883 | K11: 15.7443 | L11: 2.1098 | M11: 0.8038 | N11: =K11/24 -> 0.6560125 | O11: =D11-M11 -> 36.6562 | R11: 9883 | S11: 15.8393 | T11: 2.1225 | U11: 0.8087 | V11: =S11/24 -> 0.65997083 | W11: =D11-U11 -> 36.6513 | Z11: 9883 | AA11: 16.073 | AB11: 2.1538 | AC11: 0.8206 | AD11: =AA11/24 -> 0.66970833 | AE11: =D11-AC11 -> 36.6394 | AG11: 3 | AH11: 9883 | AI11: B | AJ11: 37.46 | AL11: 9883 | AM11: 16.3254 | AN11: 2.1877 | AO11: 0.8335 | AP11: =AM11/24 -> 0.680225 | AQ11: =AJ11-AO11 -> 36.6265 | AU11: 9883 | AV11: 16.4327 | AW11: 2.202 | AX11: 0.839 | AY11: =AV11/24 -> 0.68469583 | AZ11: =AJ11-AX11 -> 36.621 | BA11: =AVERAGE(AZ11:AZ81) -> 37.149207 | BD11: 9883 | BE11: 16.4449 | BF11: 2.2037 | BG11: 0.8396 | BH11: =BE11/24 -> 0.68520417 | BI11: =AJ11-BG11 -> 36.6204 | BN11: 9883 | BO11: 16.4902 | BP11: 2.2098 | BQ11: 0.8419 | BR11: =BO11/24 -> 0.68709167 | BS11: =AJ11-BQ11 -> 36.6181 | BX11: 9883 | BY11: 16.5794 | BZ11: 2.2217 | CA11: 0.8465 | CB11: =BY11/24 -> 0.69080833 | CC11: =AJ11-CA11 -> 36.6135 | CG11: 1 | CH11: 9883 | CI11: 16.6561 | CJ11: 2.232 | CK11: 0.8504 | CL11: =CI11/24 -> 0.69400417 | CM11: =AJ11-CK11 -> 36.6096 | CQ11: 1 | CR11: 9883 | CS11: 16.7526 | CT11: 2.2449 | CU11: 0.8553 | CV11: =CS11/24 -> 0.698025 | CW11: =AJ11-CU11 -> 36.6047 | DA11: 1 | DB11: 9883 | DC11: 16.7621 | DD11: 2.2462 | DE11: 0.8558 | DF11: =DC11/24 -> 0.69842083 | DG11: =AJ11-DE11 -> 36.6042 | DK11: 1 | DL11: 9883 | DM11: 16.8722 | DN11: 2.2609 | DO11: 0.8614 | DP11: =DM11/24 -> 0.70300833 | DQ11: =AJ11-DO11 -> 36.5986 | DS11: =DM11-DC11 -> 0.1101 | DU11: 1 | DV11: 9883 | DW11: 16.9408 | DX11: 2.2701 | DY11: 0.8649 | DZ11: =DW11/24 -> 0.70586667 | EA11: =AJ11-DY11 -> 36.5951 | EE11: 1 | EF11: 9883 | EG11: 17.048 | EH11: 2.2845 | EI11: 0.8704 | EJ11: =EG11/24 -> 0.71033333 | EK11: =AJ11-EI11 -> 36.5896 | EM11: =EK11-EA11 -> -0.0055 | EO11: 1 | EP11: 9883 | EQ11: 17.2611 | ER11: 2.3131 | ES11: 0.8813 | ET11: =EQ11/24 -> 0.7192125 | EU11: =AJ11-ES11 -> 36.5787 | EY11: 1 | EZ11: 9883 | FA11: 17.3616 | FB11: 2.3265 | FC11: 0.8864 | FD11: =FA11/24 -> 0.7234 | FE11: =AJ11-FC11 -> 36.5736 | FG11: =FE11-EU11 -> -0.0051 | FI11: 1 | FJ11: 9883 | FK11: 17.4955 | FL11: 2.3445 | FM11: 0.8932 | FN11: =FK11/24 -> 0.72897917 | FO11: =AJ11-FM11 -> 36.5668 | FP11: =FO11-FE11 -> -0.0068 | FS11: 1 | FT11: 9883 | FU11: 17.5231 | FV11: 2.3482 | FW11: 0.8947 | FX11: =FU11/24 -> 0.73012917 | FY11: =AJ11-FW11 -> 36.5653 | FZ11: =FU11-FK11 -> 0.0276 | GC11: 1 | GD11: 9883 | GE11: 17.5913 | GF11: 2.3573 | GG11: 0.8981 | GH11: =GE11/24 -> 0.73297083 | GI11: =$AJ11-GG11 -> 36.5619 | GJ11: =GE11-FU11 -> 0.0682 | GM11: 1 | GN11: 9883 | GO11: 17.7357 | GP11: 2.3767 | GQ11: 0.9055 | GR11: =GO11/24 -> 0.7389875 | GS11: =$AJ11-GQ11 -> 36.5545 | GT11: =GO11-GE11 -> 0.1444 | GW11: 1 | GX11: 9883 | GY11: =VLOOKUP(GX11,Sheet3!$AJ$7:$AN$83,2,0) -> 17.9189 | GZ11: =VLOOKUP(GX11,Sheet3!$AJ$7:$AN$83,3,0) -> 2.4012 | HA11: =VLOOKUP(GX11,Sheet3!$AJ$7:$AN$83,4,0) -> 0.9149 | HB11: =GY11/24 -> 0.74662083 | HC11: =$AJ11-HA11 -> 36.5451 | HD11: =GY11-GO11 -> 0.1832 | HE11: =HA11-GQ11 -> 0.0094 | HH11: 1 | HI11: 9883 | HJ11: 17.9928 | HK11: 2.4111 | HL11: 0.9186 | HM11: =HJ11/24 -> 0.7497 | HN11: =$AJ11-HL11 -> 36.5414 | HO11: =HJ11-GY11 -> 0.0739 | HR11: 1 | HS11: 9883 | HT11: 18.041 | HU11: 2.4176 | HV11: 0.9211 | HW11: =HT11/24 -> 0.75170833 | HX11: =$AJ11-HV11 -> 36.5389 | HY11: =HT11-HJ11 -> 0.0482 | IB11: 1 | IC11: 9883 | ID11: 18.0619 | IE11: 2.4204 | IF11: 0.9222 | IG11: =ID11/24 -> 0.75257917 | IH11: =$AJ11-IF11 -> 36.5378 | II11: =ID11-HT11 -> 0.0209 | IL11: 1 | IM11: 9883 | IN11: 18.1717 | IO11: 2.4351 | IP11: 0.9278 | IQ11: =IN11/24 -> 0.75715417 | IR11: =$AJ11-IP11 -> 36.5322 | IS11: =IN11-ID11 -> 0.1098 | IV11: 1 | IW11: 9883 | IX11: 18.32 | IY11: 2.455 | IZ11: 0.9353 | JA11: =IX11/24 -> 0.76333333 | JB11: =$AJ11-IZ11 -> 36.5247 | JC11: =IX11-IN11 -> 0.1483 | JF11: 1 | JG11: 9883 | JH11: 18.3671 | JI11: 2.4613 | JJ11: 0.9377 | JK11: =JH11/24 -> 0.76529583 | JL11: =$AJ11-JJ11 -> 36.5223 | JM11: =JH11-IX11 -> 0.0471 | JP11: 1 | JQ11: 9883 | JR11: 18.405 | JS11: 2.4663 | JT11: 0.9397 | JU11: =JR11/24 -> 0.766875 | JV11: =$AJ11-JT11 -> 36.5203 | JW11: =JR11-JH11 -> 0.0379 | JZ11: 1 | KA11: 9883 | KB11: 18.4938 | KC11: 2.4782 | KD11: 0.9442 | KE11: =KB11/24 -> 0.770575 | KF11: =$AJ11-KD11 -> 36.5158 | KG11: =KB11-JR11 -> 0.0888 | KJ11: 1 | KK11: 9883 | KL11: 18.5235 | KM11: 2.4822 | KN11: 0.9457 | KO11: =KL11/24 -> 0.7718125 | KP11: =$AJ11-KN11 -> 36.5143 | KQ11: =KL11-KB11 -> 0.0297 | KT11: 1 | KU11: 9883 | KV11: 18.5547 | KW11: 2.4864 | KX11: 0.9473 | KY11: =KV11/24 -> 0.7731125 | KZ11: =$AJ11-KX11 -> 36.5127 | LA11: =KV11-KL11 -> 0.0312 | LD11: 1 | LE11: 9883 | LF11: 18.5808 | LG11: 2.4899 | LH11: 0.9487 | LI11: =LF11/24 -> 0.7742 | LJ11: =$AJ11-LH11 -> 36.5113 | LK11: =LF11-KV11 -> 0.0261 | LN11: 1 | LO11: 9883 | LP11: 18.6174 | LQ11: 2.4948 | LR11: 0.9505 | LS11: =LP11/24 -> 0.775725 | LT11: =$AJ11-LR11 -> 36.5095 | LU11: =LP11-LF11 -> 0.0366 | LX11: 1 | LY11: 9883 | LZ11: 18.6586 | MA11: 2.5003 | MB11: 0.9526 | MC11: =LZ11/24 -> 0.77744167 | MD11: =$AJ11-MB11 -> 36.5074 | ME11: =LZ11-LP11 -> 0.0412 | MH11: 1 | MI11: 9883 | MJ11: 18.6991 | MK11: 2.5058 | ML11: 0.9547 | MM11: =MJ11/24 -> 0.77912917 | MN11: =$AJ11-ML11 -> 36.5053 | MO11: =MJ11-LZ11 -> 0.0405 | MR11: 1 | MS11: 9883 | MT11: 18.7764 | MU11: 2.5161 | MV11: 0.9586 | MW11: =MT11/24 -> 0.78235 | MX11: =$AJ11-MV11 -> 36.5014 | MY11: =MT11-MJ11 -> 0.0773 | NB11: 1 | NC11: 9883 | ND11: 18.8554 | NE11: 2.5267 | NF11: 0.9627 | NG11: =ND11/24 -> 0.78564167 | NH11: =$AJ11-NF11 -> 36.4973 | NI11: =ND11-MT11 -> 0.079 | NL11: 1 | NM11: 9883 | NN11: 18.8787 | NO11: 2.5298 | NP11: 0.9639 | NQ11: =NN11/24 -> 0.7866125 | NR11: =$AJ11-NP11 -> 36.4961 | NS11: =NN11-ND11 -> 0.0233 | NV11: 1 | NW11: 9883 | NX11: 18.9156 | NY11: 2.5348 | NZ11: 0.9657 | OA11: =NX11/24 -> 0.78815 | OB11: =$AJ11-NZ11 -> 36.4943 | OC11: =NX11-NN11 -> 0.0369 | OF11: 1 | OG11: 9883 | OH11: 18.9341 | OI11: 2.5372 | OJ11: 0.9667 | OK11: =OH11/24 -> 0.78892083 | OL11: =$AJ11-OJ11 -> 36.4933 | OM11: =OH11-NX11 -> 0.0185 | OP11: 1 | OQ11: 9883 | OR11: =VLOOKUP(OQ11,Sheet4!A9:F85,3,0) -> 18.9765 | OS11: =VLOOKUP(OQ11,Sheet4!A9:F85,4,0) -> 2.5429 | OT11: =VLOOKUP(OQ11,Sheet4!A9:F85,5,0) -> 0.9689 | OU11: =OR11/24 -> 0.7906875 | OV11: =$AJ11-OT11 -> 36.4911 | OW11: =OR11-OH11 -> 0.0424
A12: 4 | B12: 9987 | C12: B | D12: 38.51 | J12: 9987 | K12: 10.7465 | L12: 1.4401 | M12: 0.5487 | N12: =K12/24 -> 0.44777083 | O12: =D12-M12 -> 37.9613 | R12: 9987 | S12: 10.8416 | T12: 1.4528 | U12: 0.5535 | V12: =S12/24 -> 0.45173333 | W12: =D12-U12 -> 37.9565 | Z12: 9987 | AA12: 11.0752 | AB12: 1.4841 | AC12: 0.5654 | AD12: =AA12/24 -> 0.46146667 | AE12: =D12-AC12 -> 37.9446 | AG12: 4 | AH12: 9987 | AI12: B | AJ12: 38.51 | AL12: 9987 | AM12: 11.3276 | AN12: 1.5179 | AO12: 0.5783 | AP12: =AM12/24 -> 0.47198333 | AQ12: =AJ12-AO12 -> 37.9317 | AU12: 9987 | AV12: 11.4349 | AW12: 1.5323 | AX12: 0.5838 | AY12: =AV12/24 -> 0.47645417 | AZ12: =AJ12-AX12 -> 37.9262 | BA12: =MAX(AZ11:AZ81) -> 37.9918 | BD12: 9987 | BE12: 11.4471 | BF12: 1.534 | BG12: 0.5844 | BH12: =BE12/24 -> 0.4769625 | BI12: =AJ12-BG12 -> 37.9256 | BN12: 9987 | BO12: 11.4924 | BP12: 1.54 | BQ12: 0.5868 | BR12: =BO12/24 -> 0.47885 | BS12: =AJ12-BQ12 -> 37.9232 | BX12: 9987 | BY12: 11.5816 | BZ12: 1.552 | CA12: 0.5913 | CB12: =BY12/24 -> 0.48256667 | CC12: =AJ12-CA12 -> 37.9187 | CG12: 2 | CH12: 9987 | CI12: 11.6583 | CJ12: 1.5623 | CK12: 0.5952 | CL12: =CI12/24 -> 0.4857625 | CM12: =AJ12-CK12 -> 37.9148 | CQ12: 2 | CR12: 9987 | CS12: 11.7548 | CT12: 1.5752 | CU12: 0.6001 | CV12: =CS12/24 -> 0.48978333 | CW12: =AJ12-CU12 -> 37.9099 | DA12: 2 | DB12: 9987 | DC12: 11.7643 | DD12: 1.5765 | DE12: 0.6006 | DF12: =DC12/24 -> 0.49017917 | DG12: =AJ12-DE12 -> 37.9094 | DK12: 2 | DL12: 9987 | DM12: 11.8744 | DN12: 1.5912 | DO12: 0.6063 | DP12: =DM12/24 -> 0.49476667 | DQ12: =AJ12-DO12 -> 37.9037 | DS12: =DM12-DC12 -> 0.1101 | DU12: 2 | DV12: 9987 | DW12: 11.943 | DX12: 1.6004 | DY12: 0.6098 | DZ12: =DW12/24 -> 0.497625 | EA12: =AJ12-DY12 -> 37.9002 | EE12: 2 | EF12: 9987 | EG12: 12.0502 | EH12: 1.6148 | EI12: 0.6152 | EJ12: =EG12/24 -> 0.50209167 | EK12: =AJ12-EI12 -> 37.8948 | EM12: =EK12-EA12 -> -0.0054 | EO12: 2 | EP12: 9987 | EQ12: 12.2633 | ER12: 1.6433 | ES12: 0.6261 | ET12: =EQ12/24 -> 0.51097083 | EU12: =AJ12-ES12 -> 37.8839 | EY12: 2 | EZ12: 9987 | FA12: 12.3638 | FB12: 1.6568 | FC12: 0.6312 | FD12: =FA12/24 -> 0.51515833 | FE12: =AJ12-FC12 -> 37.8788 | FG12: =FE12-EU12 -> -0.0051 | FI12: 2 | FJ12: 9987 | FK12: 12.4977 | FL12: 1.6747 | FM12: 0.6381 | FN12: =FK12/24 -> 0.5207375 | FO12: =AJ12-FM12 -> 37.8719 | FP12: =FO12-FE12 -> -0.0069 | FS12: 2 | FT12: 9987 | FU12: 12.5253 | FV12: 1.6784 | FW12: 0.6395 | FX12: 0.5544 | FY12: =AJ12-FW12 -> 37.8705 | FZ12: =FU12-FK12 -> 0.0276 | GC12: 2 | GD12: 9987 | GE12: 12.5935 | GF12: 1.6876 | GG12: 0.643 | GH12: 0.5544 | GI12: =$AJ12-GG12 -> 37.867 | GJ12: =GE12-FU12 -> 0.0682 | GM12: 2 | GN12: 9987 | GO12: 12.7379 | GP12: 1.7069 | GQ12: 0.6503 | GR12: =GO12/24 -> 0.53074583 | GS12: =$AJ12-GQ12 -> 37.8597 | GT12: =GO12-GE12 -> 0.1444 | GW12: 2 | GX12: 9987 | GY12: =VLOOKUP(GX12,Sheet3!$AJ$7:$AN$83,2,0) -> 12.9211 | GZ12: =VLOOKUP(GX12,Sheet3!$AJ$7:$AN$83,3,0) -> 1.7315 | HA12: =VLOOKUP(GX12,Sheet3!$AJ$7:$AN$83,4,0) -> 0.6597 | HB12: =GY12/24 -> 0.53837917 | HC12: =$AJ12-HA12 -> 37.8503 | HD12: =GY12-GO12 -> 0.1832 | HE12: =HA12-GQ12 -> 0.0094 | HH12: 2 | HI12: 9987 | HJ12: 12.995 | HK12: 1.7414 | HL12: 0.6635 | HM12: =HJ12/24 -> 0.54145833 | HN12: =$AJ12-HL12 -> 37.8465 | HO12: =HJ12-GY12 -> 0.0739 | HR12: 2 | HS12: 9987 | HT12: 13.0432 | HU12: 1.7478 | HV12: 0.6659 | HW12: =HT12/24 -> 0.54346667 | HX12: =$AJ12-HV12 -> 37.8441 | HY12: =HT12-HJ12 -> 0.0482 | IB12: 2 | IC12: 9987 | ID12: 13.0641 | IE12: 1.7506 | IF12: 0.667 | IG12: =ID12/24 -> 0.5443375 | IH12: =$AJ12-IF12 -> 37.843 | II12: =ID12-HT12 -> 0.0209 | IL12: 2 | IM12: 9987 | IN12: 13.1739 | IO12: 1.7654 | IP12: 0.6726 | IQ12: =IN12/24 -> 0.5489125 | IR12: =$AJ12-IP12 -> 37.8374 | IS12: =IN12-ID12 -> 0.1098 | IV12: 2 | IW12: 9987 | IX12: 13.3222 | IY12: 1.7852 | IZ12: 0.6802 | JA12: =IX12/24 -> 0.55509167 | JB12: =$AJ12-IZ12 -> 37.8298 | JC12: =IX12-IN12 -> 0.1483 | JF12: 2 | JG12: 9987 | JH12: 13.3693 | JI12: 1.7915 | JJ12: 0.6826 | JK12: =JH12/24 -> 0.55705417 | JL12: =$AJ12-JJ12 -> 37.8274 | JM12: =JH12-IX12 -> 0.0471 | JP12: 2 | JQ12: 9987 | JR12: 13.4072 | JS12: 1.7966 | JT12: 0.6845 | JU12: =JR12/24 -> 0.55863333 | JV12: =$AJ12-JT12 -> 37.8255 | JW12: =JR12-JH12 -> 0.0379 | JZ12: 2 | KA12: 9987 | KB12: 13.496 | KC12: 1.8085 | KD12: 0.689 | KE12: =KB12/24 -> 0.56233333 | KF12: =$AJ12-KD12 -> 37.821 | KG12: =KB12-JR12 -> 0.0888 | KJ12: 2 | KK12: 9987 | KL12: 13.5257 | KM12: 1.8125 | KN12: 0.6906 | KO12: =KL12/24 -> 0.56357083 | KP12: =$AJ12-KN12 -> 37.8194 | KQ12: =KL12-KB12 -> 0.0297 | KT12: 2 | KU12: 9987 | KV12: 13.5569 | KW12: 1.8167 | KX12: 0.6922 | KY12: =KV12/24 -> 0.56487083 | KZ12: =$AJ12-KX12 -> 37.8178 | LA12: =KV12-KL12 -> 0.0312 | LD12: 2 | LE12: 9987 | LF12: 13.583 | LG12: 1.8202 | LH12: 0.6935 | LI12: =LF12/24 -> 0.56595833 | LJ12: =$AJ12-LH12 -> 37.8165 | LK12: =LF12-KV12 -> 0.0261 | LN12: 2 | LO12: 9987 | LP12: 13.6196 | LQ12: 1.8251 | LR12: 0.6954 | LS12: =LP12/24 -> 0.56748333 | LT12: =$AJ12-LR12 -> 37.8146 | LU12: =LP12-LF12 -> 0.0366 | LX12: 2 | LY12: 9987 | LZ12: 13.6608 | MA12: 1.8306 | MB12: 0.6975 | MC12: =LZ12/24 -> 0.5692 | MD12: =$AJ12-MB12 -> 37.8125 | ME12: =LZ12-LP12 -> 0.0412 | MH12: 2 | MI12: 9987 | MJ12: 13.7013 | MK12: 1.836 | ML12: 0.6995 | MM12: =MJ12/24 -> 0.5708875 | MN12: =$AJ12-ML12 -> 37.8105 | MO12: =MJ12-LZ12 -> 0.0405 | MR12: 2 | MS12: 9987 | MT12: 13.7786 | MU12: 1.8464 | MV12: 0.7035 | MW12: =MT12/24 -> 0.57410833 | MX12: =$AJ12-MV12 -> 37.8065 | MY12: =MT12-MJ12 -> 0.0773 | NB12: 2 | NC12: 9987 | ND12: 13.8576 | NE12: 1.857 | NF12: 0.7075 | NG12: =ND12/24 -> 0.5774 | NH12: =$AJ12-NF12 -> 37.8025 | NI12: =ND12-MT12 -> 0.079 | NL12: 2 | NM12: 9987 | NN12: 13.8809 | NO12: 1.8601 | NP12: 0.7087 | NQ12: =NN12/24 -> 0.57837083 | NR12: =$AJ12-NP12 -> 37.8013 | NS12: =NN12-ND12 -> 0.0233 | NV12: 2 | NW12: 9987 | NX12: 13.9178 | NY12: 1.865 | NZ12: 0.7106 | OA12: =NX12/24 -> 0.57990833 | OB12: =$AJ12-NZ12 -> 37.7994 | OC12: =NX12-NN12 -> 0.0369 | OF12: 2 | OG12: 9987 | OH12: 13.9363 | OI12: 1.8675 | OJ12: 0.7115 | OK12: =OH12/24 -> 0.58067917 | OL12: =$AJ12-OJ12 -> 37.7985 | OM12: =OH12-NX12 -> 0.0185 | OP12: 2 | OQ12: 9987 | OR12: =VLOOKUP(OQ12,Sheet4!A10:F86,3,0) -> 13.9787 | OS12: =VLOOKUP(OQ12,Sheet4!A10:F86,4,0) -> 1.8732 | OT12: =VLOOKUP(OQ12,Sheet4!A10:F86,5,0) -> 0.7137 | OU12: =OR12/24 -> 0.58244583 | OV12: =$AJ12-OT12 -> 37.7963 | OW12: =OR12-OH12 -> 0.0424
A13: 5 | B13: 9996 | C13: B | D13: 38.44 | J13: 9996 | K13: 11.0345 | L13: 1.4787 | M13: 0.5634 | N13: =K13/24 -> 0.45977083 | O13: =D13-M13 -> 37.8766 | R13: 9996 | S13: 11.1296 | T13: 1.4914 | U13: 0.5682 | V13: =S13/24 -> 0.46373333 | W13: =D13-U13 -> 37.8718 | Z13: 9996 | AA13: 11.3632 | AB13: 1.5227 | AC13: 0.5802 | AD13: =AA13/24 -> 0.47346667 | AE13: =D13-AC13 -> 37.8598 | AG13: 5 | AH13: 9996 | AI13: B | AJ13: 38.44 | AL13: 9996 | AM13: 11.6156 | AN13: 1.5565 | AO13: 0.593 | AP13: =AM13/24 -> 0.48398333 | AQ13: =AJ13-AO13 -> 37.847 | AU13: 9996 | AV13: 11.7229 | AW13: 1.5709 | AX13: 0.5985 | AY13: =AV13/24 -> 0.48845417 | AZ13: =AJ13-AX13 -> 37.8415 | BA13: =MIN(AZ11:AZ81) -> 34.985 | BD13: 9996 | BE13: 11.7351 | BF13: 1.5725 | BG13: 0.5991 | BH13: =BE13/24 -> 0.4889625 | BI13: =AJ13-BG13 -> 37.8409 | BN13: 9996 | BO13: 11.7804 | BP13: 1.5786 | BQ13: 0.6015 | BR13: =BO13/24 -> 0.49085 | BS13: =AJ13-BQ13 -> 37.8385 | BX13: 9996 | BY13: 11.8696 | BZ13: 1.5906 | CA13: 0.606 | CB13: =BY13/24 -> 0.49456667 | CC13: =AJ13-CA13 -> 37.834 | CG13: 3 | CH13: 9996 | CI13: 11.9463 | CJ13: 1.6009 | CK13: 0.6099 | CL13: =CI13/24 -> 0.4977625 | CM13: =AJ13-CK13 -> 37.8301 | CQ13: 3 | CR13: 9996 | CS13: 12.0428 | CT13: 1.6138 | CU13: 0.6149 | CV13: =CS13/24 -> 0.50178333 | CW13: =AJ13-CU13 -> 37.8251 | DA13: 3 | DB13: 9996 | DC13: 12.0523 | DD13: 1.6151 | DE13: 0.6153 | DF13: =DC13/24 -> 0.50217917 | DG13: =AJ13-DE13 -> 37.8247 | DK13: 3 | DL13: 9996 | DM13: 12.1624 | DN13: 1.6298 | DO13: 0.621 | DP13: =DM13/24 -> 0.50676667 | DQ13: =AJ13-DO13 -> 37.819 | DS13: =DM13-DC13 -> 0.1101 | DU13: 3 | DV13: 9996 | DW13: 12.231 | DX13: 1.639 | DY13: 0.6245 | DZ13: =DW13/24 -> 0.509625 | EA13: =AJ13-DY13 -> 37.8155 | EE13: 3 | EF13: 9996 | EG13: 12.3382 | EH13: 1.6534 | EI13: 0.6299 | EJ13: =EG13/24 -> 0.51409167 | EK13: =AJ13-EI13 -> 37.8101 | EM13: =EK13-EA13 -> -0.0054 | EO13: 3 | EP13: 9996 | EQ13: 12.5513 | ER13: 1.6819 | ES13: 0.6408 | ET13: =EQ13/24 -> 0.52297083 | EU13: =AJ13-ES13 -> 37.7992 | EY13: 3 | EZ13: 9996 | FA13: 12.6518 | FB13: 1.6954 | FC13: 0.6459 | FD13: =FA13/24 -> 0.52715833 | FE13: =AJ13-FC13 -> 37.7941 | FG13: =FE13-EU13 -> -0.0051 | FI13: 3 | FJ13: 9996 | FK13: 12.7857 | FL13: 1.7133 | FM13: 0.6528 | FN13: =FK13/24 -> 0.5327375 | FO13: =AJ13-FM13 -> 37.7872 | FP13: =FO13-FE13 -> -0.0069 | FS13: 3 | FT13: 9996 | FU13: 12.8133 | FV13: 1.717 | FW13: 0.6542 | FX13: =FU13/24 -> 0.5338875 | FY13: =AJ13-FW13 -> 37.7858 | FZ13: =FU13-FK13 -> 0.0276 | GC13: 3 | GD13: 9996 | GE13: 12.8815 | GF13: 1.7262 | GG13: 0.6577 | GH13: =GE13/24 -> 0.53672917 | GI13: =$AJ13-GG13 -> 37.7823 | GJ13: =GE13-FU13 -> 0.0682 | GM13: 3 | GN13: 9996 | GO13: 13.0259 | GP13: 1.7455 | GQ13: 0.665 | GR13: =GO13/24 -> 0.54274583 | GS13: =$AJ13-GQ13 -> 37.775 | GT13: =GO13-GE13 -> 0.1444 | GW13: 3 | GX13: 9996 | GY13: =VLOOKUP(GX13,Sheet3!$AJ$7:$AN$83,2,0) -> 13.2091 | GZ13: =VLOOKUP(GX13,Sheet3!$AJ$7:$AN$83,3,0) -> 1.7701 | HA13: =VLOOKUP(GX13,Sheet3!$AJ$7:$AN$83,4,0) -> 0.6744 | HB13: =GY13/24 -> 0.55037917 | HC13: =$AJ13-HA13 -> 37.7656 | HD13: =GY13-GO13 -> 0.1832 | HE13: =HA13-GQ13 -> 0.0094 | HH13: 3 | HI13: 9996 | HJ13: 13.283 | HK13: 1.78 | HL13: 0.6782 | HM13: =HJ13/24 -> 0.55345833 | HN13: =$AJ13-HL13 -> 37.7618 | HO13: =HJ13-GY13 -> 0.0739 | HR13: 3 | HS13: 9996 | HT13: 13.3312 | HU13: 1.7864 | HV13: 0.6806 | HW13: =HT13/24 -> 0.55546667 | HX13: =$AJ13-HV13 -> 37.7594 | HY13: =HT13-HJ13 -> 0.0482 | IB13: 3 | IC13: 9996 | ID13: 13.3521 | IE13: 1.7892 | IF13: 0.6817 | IG13: =ID13/24 -> 0.5563375 | IH13: =$AJ13-IF13 -> 37.7583 | II13: =ID13-HT13 -> 0.0209 | IL13: 3 | IM13: 9996 | IN13: 13.4619 | IO13: 1.8039 | IP13: 0.6873 | IQ13: =IN13/24 -> 0.5609125 | IR13: =$AJ13-IP13 -> 37.7527 | IS13: =IN13-ID13 -> 0.1098 | IV13: 3 | IW13: 9996 | IX13: 13.6102 | IY13: 1.8238 | IZ13: 0.6949 | JA13: =IX13/24 -> 0.56709167 | JB13: =$AJ13-IZ13 -> 37.7451 | JC13: =IX13-IN13 -> 0.1483 | JF13: 3 | JG13: 9996 | JH13: 13.6573 | JI13: 1.8301 | JJ13: 0.6973 | JK13: =JH13/24 -> 0.56905417 | JL13: =$AJ13-JJ13 -> 37.7427 | JM13: =JH13-IX13 -> 0.0471 | JP13: 3 | JQ13: 9996 | JR13: 13.6952 | JS13: 1.8352 | JT13: 0.6992 | JU13: =JR13/24 -> 0.57063333 | JV13: =$AJ13-JT13 -> 37.7408 | JW13: =JR13-JH13 -> 0.0379 | JZ13: 3 | KA13: 9996 | KB13: 13.784 | KC13: 1.8471 | KD13: 0.7037 | KE13: =KB13/24 -> 0.57433333 | KF13: =$AJ13-KD13 -> 37.7363 | KG13: =KB13-JR13 -> 0.0888 | KJ13: 3 | KK13: 9996 | KL13: 13.8137 | KM13: 1.8511 | KN13: 0.7053 | KO13: =KL13/24 -> 0.57557083 | KP13: =$AJ13-KN13 -> 37.7347 | KQ13: =KL13-KB13 -> 0.0297 | KT13: 3 | KU13: 9996 | KV13: 13.8449 | KW13: 1.8553 | KX13: 0.7069 | KY13: =KV13/24 -> 0.57687083 | KZ13: =$AJ13-KX13 -> 37.7331 | LA13: =KV13-KL13 -> 0.0312 | LD13: 3 | LE13: 9996 | LF13: 13.871 | LG13: 1.8588 | LH13: 0.7082 | LI13: =LF13/24 -> 0.57795833 | LJ13: =$AJ13-LH13 -> 37.7318 | LK13: =LF13-KV13 -> 0.0261 | LN13: 3 | LO13: 9996 | LP13: 13.9076 | LQ13: 1.8637 | LR13: 0.7101 | LS13: =LP13/24 -> 0.57948333 | LT13: =$AJ13-LR13 -> 37.7299 | LU13: =LP13-LF13 -> 0.0366 | LX13: 3 | LY13: 9996 | LZ13: 13.9488 | MA13: 1.8692 | MB13: 0.7122 | MC13: =LZ13/24 -> 0.5812 | MD13: =$AJ13-MB13 -> 37.7278 | ME13: =LZ13-LP13 -> 0.0412 | MH13: 3 | MI13: 9996 | MJ13: 13.9893 | MK13: 1.8746 | ML13: 0.7142 | MM13: =MJ13/24 -> 0.5828875 | MN13: =$AJ13-ML13 -> 37.7258 | MO13: =MJ13-LZ13 -> 0.0405 | MR13: 3 | MS13: 9996 | MT13: 14.0666 | MU13: 1.885 | MV13: 0.7182 | MW13: =MT13/24 -> 0.58610833 | MX13: =$AJ13-MV13 -> 37.7218 | MY13: =MT13-MJ13 -> 0.0773 | NB13: 3 | NC13: 9996 | ND13: 14.1456 | NE13: 1.8956 | NF13: 0.7222 | NG13: =ND13/24 -> 0.5894 | NH13: =$AJ13-NF13 -> 37.7178 | NI13: =ND13-MT13 -> 0.079 | NL13: 3 | NM13: 9996 | NN13: 14.1689 | NO13: 1.8987 | NP13: 0.7234 | NQ13: =NN13/24 -> 0.59037083 | NR13: =$AJ13-NP13 -> 37.7166 | NS13: =NN13-ND13 -> 0.0233 | NV13: 3 | NW13: 9996 | NX13: 14.2058 | NY13: 1.9036 | NZ13: 0.7253 | OA13: =NX13/24 -> 0.59190833 | OB13: =$AJ13-NZ13 -> 37.7147 | OC13: =NX13-NN13 -> 0.0369 | OF13: 3 | OG13: 9996 | OH13: 14.2243 | OI13: 1.9061 | OJ13: 0.7262 | OK13: =OH13/24 -> 0.59267917 | OL13: =$AJ13-OJ13 -> 37.7138 | OM13: =OH13-NX13 -> 0.0185 | OP13: 3 | OQ13: 9996 | OR13: =VLOOKUP(OQ13,Sheet4!A11:F87,3,0) -> 14.2667 | OS13: =VLOOKUP(OQ13,Sheet4!A11:F87,4,0) -> 1.9118 | OT13: =VLOOKUP(OQ13,Sheet4!A11:F87,5,0) -> 0.7284 | OU13: =OR13/24 -> 0.59444583 | OV13: =$AJ13-OT13 -> 37.7116 | OW13: =OR13-OH13 -> 0.0424
A14: 6 | B14: 9988 | C14: B | D14: 38.4 | J14: 9988 | K14: 11.0345 | L14: 1.4787 | M14: 0.5634 | N14: =K14/24 -> 0.45977083 | O14: =D14-M14 -> 37.8366 | R14: 9988 | S14: 11.1296 | T14: 1.4914 | U14: 0.5682 | V14: =S14/24 -> 0.46373333 | W14: =D14-U14 -> 37.8318 | Z14: 9988 | AA14: 11.3632 | AB14: 1.5227 | AC14: 0.5802 | AD14: =AA14/24 -> 0.47346667 | AE14: =D14-AC14 -> 37.8198 | AG14: 6 | AH14: 9988 | AI14: B | AJ14: 38.4 | AL14: 9988 | AM14: 11.6156 | AN14: 1.5565 | AO14: 0.593 | AP14: =AM14/24 -> 0.48398333 | AQ14: =AJ14-AO14 -> 37.807 | AU14: 9988 | AV14: 11.7229 | AW14: 1.5709 | AX14: 0.5985 | AY14: =AV14/24 -> 0.48845417 | AZ14: =AJ14-AX14 -> 37.8015 | BD14: 9988 | BE14: 11.7351 | BF14: 1.5725 | BG14: 0.5991 | BH14: =BE14/24 -> 0.4889625 | BI14: =AJ14-BG14 -> 37.8009 | BN14: 9988 | BO14: 11.7804 | BP14: 1.5786 | BQ14: 0.6015 | BR14: =BO14/24 -> 0.49085 | BS14: =AJ14-BQ14 -> 37.7985 | BX14: 9988 | BY14: 11.8696 | BZ14: 1.5906 | CA14: 0.606 | CB14: =BY14/24 -> 0.49456667 | CC14: =AJ14-CA14 -> 37.794 | CG14: 4 | CH14: 9988 | CI14: 11.9463 | CJ14: 1.6009 | CK14: 0.6099 | CL14: =CI14/24 -> 0.4977625 | CM14: =AJ14-CK14 -> 37.7901 | CQ14: 4 | CR14: 9988 | CS14: 12.0428 | CT14: 1.6138 | CU14: 0.6149 | CV14: =CS14/24 -> 0.50178333 | CW14: =AJ14-CU14 -> 37.7851 | DA14: 4 | DB14: 9988 | DC14: 12.0523 | DD14: 1.6151 | DE14: 0.6153 | DF14: =DC14/24 -> 0.50217917 | DG14: =AJ14-DE14 -> 37.7847 | DK14: 4 | DL14: 9988 | DM14: 12.1624 | DN14: 1.6298 | DO14: 0.621 | DP14: =DM14/24 -> 0.50676667 | DQ14: =AJ14-DO14 -> 37.779 | DS14: =DM14-DC14 -> 0.1101 | DU14: 4 | DV14: 9988 | DW14: 12.231 | DX14: 1.639 | DY14: 0.6245 | DZ14: =DW14/24 -> 0.509625 | EA14: =AJ14-DY14 -> 37.7755 | EE14: 4 | EF14: 9988 | EG14: 12.3382 | EH14: 1.6534 | EI14: 0.6299 | EJ14: =EG14/24 -> 0.51409167 | EK14: =AJ14-EI14 -> 37.7701 | EM14: =EK14-EA14 -> -0.0054 | EO14: 4 | EP14: 9988 | EQ14: 12.5513 | ER14: 1.6819 | ES14: 0.6408 | ET14: =EQ14/24 -> 0.52297083 | EU14: =AJ14-ES14 -> 37.7592 | EY14: 4 | EZ14: 9988 | FA14: 12.6518 | FB14: 1.6954 | FC14: 0.6459 | FD14: =FA14/24 -> 0.52715833 | FE14: =AJ14-FC14 -> 37.7541 | FG14: =FE14-EU14 -> -0.0051 | FI14: 4 | FJ14: 9988 | FK14: 12.7857 | FL14: 1.7133 | FM14: 0.6528 | FN14: =FK14/24 -> 0.5327375 | FO14: =AJ14-FM14 -> 37.7472 | FP14: =FO14-FE14 -> -0.0069 | FS14: 4 | FT14: 9988 | FU14: 12.8133 | FV14: 1.717 | FW14: 0.6542 | FX14: =FU14/24 -> 0.5338875 | FY14: =AJ14-FW14 -> 37.7458 | FZ14: =FU14-FK14 -> 0.0276 | GC14: 4 | GD14: 9988 | GE14: 12.8815 | GF14: 1.7262 | GG14: 0.6577 | GH14: =GE14/24 -> 0.53672917 | GI14: =$AJ14-GG14 -> 37.7423 | GJ14: =GE14-FU14 -> 0.0682 | GM14: 4 | GN14: 9988 | GO14: 13.0259 | GP14: 1.7455 | GQ14: 0.665 | GR14: =GO14/24 -> 0.54274583 | GS14: =$AJ14-GQ14 -> 37.735 | GT14: =GO14-GE14 -> 0.1444 | GW14: 4 | GX14: 9988 | GY14: =VLOOKUP(GX14,Sheet3!$AJ$7:$AN$83,2,0) -> 13.2091 | GZ14: =VLOOKUP(GX14,Sheet3!$AJ$7:$AN$83,3,0) -> 1.7701 | HA14: =VLOOKUP(GX14,Sheet3!$AJ$7:$AN$83,4,0) -> 0.6744 | HB14: =GY14/24 -> 0.55037917 | HC14: =$AJ14-HA14 -> 37.7256 | HD14: =GY14-GO14 -> 0.1832 | HE14: =HA14-GQ14 -> 0.0094 | HH14: 4 | HI14: 9988 | HJ14: 13.283 | HK14: 1.78 | HL14: 0.6782 | HM14: =HJ14/24 -> 0.55345833 | HN14: =$AJ14-HL14 -> 37.7218 | HO14: =HJ14-GY14 -> 0.0739 | HR14: 4 | HS14: 9988 | HT14: 13.3312 | HU14: 1.7864 | HV14: 0.6806 | HW14: =HT14/24 -> 0.55546667 | HX14: =$AJ14-HV14 -> 37.7194 | HY14: =HT14-HJ14 -> 0.0482 | IB14: 4 | IC14: 9988 | ID14: 13.3521 | IE14: 1.7892 | IF14: 0.6817 | IG14: =ID14/24 -> 0.5563375 | IH14: =$AJ14-IF14 -> 37.7183 | II14: =ID14-HT14 -> 0.0209 | IL14: 4 | IM14: 9988 | IN14: 13.4619 | IO14: 1.8039 | IP14: 0.6873 | IQ14: =IN14/24 -> 0.5609125 | IR14: =$AJ14-IP14 -> 37.7127 | IS14: =IN14-ID14 -> 0.1098 | IV14: 4 | IW14: 9988 | IX14: 13.6102 | IY14: 1.8238 | IZ14: 0.6949 | JA14: =IX14/24 -> 0.56709167 | JB14: =$AJ14-IZ14 -> 37.7051 | JC14: =IX14-IN14 -> 0.1483 | JF14: 4 | JG14: 9988 | JH14: 13.6573 | JI14: 1.8301 | JJ14: 0.6973 | JK14: =JH14/24 -> 0.56905417 | JL14: =$AJ14-JJ14 -> 37.7027 | JM14: =JH14-IX14 -> 0.0471 | JP14: 4 | JQ14: 9988 | JR14: 13.6952 | JS14: 1.8352 | JT14: 0.6992 | JU14: =JR14/24 -> 0.57063333 | JV14: =$AJ14-JT14 -> 37.7008 | JW14: =JR14-JH14 -> 0.0379 | JZ14: 4 | KA14: 9988 | KB14: 13.784 | KC14: 1.8471 | KD14: 0.7037 | KE14: =KB14/24 -> 0.57433333 | KF14: =$AJ14-KD14 -> 37.6963 | KG14: =KB14-JR14 -> 0.0888 | KJ14: 4 | KK14: 9988 | KL14: 13.8137 | KM14: 1.8511 | KN14: 0.7053 | KO14: =KL14/24 -> 0.57557083 | KP14: =$AJ14-KN14 -> 37.6947 | KQ14: =KL14-KB14 -> 0.0297 | KT14: 4 | KU14: 9988 | KV14: 13.8449 | KW14: 1.8553 | KX14: 0.7069 | KY14: =KV14/24 -> 0.57687083 | KZ14: =$AJ14-KX14 -> 37.6931 | LA14: =KV14-KL14 -> 0.0312 | LD14: 4 | LE14: 9988 | LF14: 13.871 | LG14: 1.8588 | LH14: 0.7082 | LI14: =LF14/24 -> 0.57795833 | LJ14: =$AJ14-LH14 -> 37.6918 | LK14: =LF14-KV14 -> 0.0261 | LN14: 4 | LO14: 9988 | LP14: 13.9076 | LQ14: 1.8637 | LR14: 0.7101 | LS14: =LP14/24 -> 0.57948333 | LT14: =$AJ14-LR14 -> 37.6899 | LU14: =LP14-LF14 -> 0.0366 | LX14: 4 | LY14: 9988 | LZ14: 13.9488 | MA14: 1.8692 | MB14: 0.7122 | MC14: =LZ14/24 -> 0.5812 | MD14: =$AJ14-MB14 -> 37.6878 | ME14: =LZ14-LP14 -> 0.0412 | MH14: 4 | MI14: 9988 | MJ14: 13.9893 | MK14: 1.8746 | ML14: 0.7142 | MM14: =MJ14/24 -> 0.5828875 | MN14: =$AJ14-ML14 -> 37.6858 | MO14: =MJ14-LZ14 -> 0.0405 | MR14: 4 | MS14: 9988 | MT14: 14.0666 | MU14: 1.885 | MV14: 0.7182 | MW14: =MT14/24 -> 0.58610833 | MX14: =$AJ14-MV14 -> 37.6818 | MY14: =MT14-MJ14 -> 0.0773 | NB14: 4 | NC14: 9988 | ND14: 14.1456 | NE14: 1.8956 | NF14: 0.7222 | NG14: =ND14/24 -> 0.5894 | NH14: =$AJ14-NF14 -> 37.6778 | NI14: =ND14-MT14 -> 0.079 | NL14: 4 | NM14: 9988 | NN14: 14.1689 | NO14: 1.8987 | NP14: 0.7234 | NQ14: =NN14/24 -> 0.59037083 | NR14: =$AJ14-NP14 -> 37.6766 | NS14: =NN14-ND14 -> 0.0233 | NV14: 4 | NW14: 9988 | NX14: 14.2058 | NY14: 1.9036 | NZ14: 0.7253 | OA14: =NX14/24 -> 0.59190833 | OB14: =$AJ14-NZ14 -> 37.6747 | OC14: =NX14-NN14 -> 0.0369 | OF14: 4 | OG14: 9988 | OH14: 14.2243 | OI14: 1.9061 | OJ14: 0.7262 | OK14: =OH14/24 -> 0.59267917 | OL14: =$AJ14-OJ14 -> 37.6738 | OM14: =OH14-NX14 -> 0.0185 | OP14: 4 | OQ14: 9988 | OR14: =VLOOKUP(OQ14,Sheet4!A12:F88,3,0) -> 14.2667 | OS14: =VLOOKUP(OQ14,Sheet4!A12:F88,4,0) -> 1.9118 | OT14: =VLOOKUP(OQ14,Sheet4!A12:F88,5,0) -> 0.7284 | OU14: =OR14/24 -> 0.59444583 | OV14: =$AJ14-OT14 -> 37.6716 | OW14: =OR14-OH14 -> 0.0424
A15: 7 | B15: 9994 | C15: B | D15: 38.5 | J15: 9994 | K15: 11.0345 | L15: 1.4787 | M15: 0.5634 | N15: =K15/24 -> 0.45977083 | O15: =D15-M15 -> 37.9366 | R15: 9994 | S15: 11.1296 | T15: 1.4914 | U15: 0.5682 | V15: =S15/24 -> 0.46373333 | W15: =D15-U15 -> 37.9318 | Z15: 9994 | AA15: 11.3632 | AB15: 1.5227 | AC15: 0.5802 | AD15: =AA15/24 -> 0.47346667 | AE15: =D15-AC15 -> 37.9198 | AG15: 7 | AH15: 9994 | AI15: B | AJ15: 38.5 | AL15: 9994 | AM15: 11.6156 | AN15: 1.5565 | AO15: 0.593 | AP15: =AM15/24 -> 0.48398333 | AQ15: =AJ15-AO15 -> 37.907 | AU15: 9994 | AV15: 11.7229 | AW15: 1.5709 | AX15: 0.5985 | AY15: =AV15/24 -> 0.48845417 | AZ15: =AJ15-AX15 -> 37.9015 | BD15: 9994 | BE15: 11.7351 | BF15: 1.5725 | BG15: 0.5991 | BH15: =BE15/24 -> 0.4889625 | BI15: =AJ15-BG15 -> 37.9009 | BN15: 9994 | BO15: 11.7804 | BP15: 1.5786 | BQ15: 0.6015 | BR15: =BO15/24 -> 0.49085 | BS15: =AJ15-BQ15 -> 37.8985 | BX15: 9994 | BY15: 11.8696 | BZ15: 1.5906 | CA15: 0.606 | CB15: =BY15/24 -> 0.49456667 | CC15: =AJ15-CA15 -> 37.894 | CG15: 5 | CH15: 9994 | CI15: 11.9463 | CJ15: 1.6009 | CK15: 0.6099 | CL15: =CI15/24 -> 0.4977625 | CM15: =AJ15-CK15 -> 37.8901 | CQ15: 5 | CR15: 9994 | CS15: 12.0428 | CT15: 1.6138 | CU15: 0.6149 | CV15: =CS15/24 -> 0.50178333 | CW15: =AJ15-CU15 -> 37.8851 | DA15: 5 | DB15: 9994 | DC15: 12.0523 | DD15: 1.6151 | DE15: 0.6153 | DF15: =DC15/24 -> 0.50217917 | DG15: =AJ15-DE15 -> 37.8847 | DK15: 5 | DL15: 9994 | DM15: 12.1624 | DN15: 1.6298 | DO15: 0.621 | DP15: =DM15/24 -> 0.50676667 | DQ15: =AJ15-DO15 -> 37.879 | DS15: =DM15-DC15 -> 0.1101 | DU15: 5 | DV15: 9994 | DW15: 12.231 | DX15: 1.639 | DY15: 0.6245 | DZ15: =DW15/24 -> 0.509625 | EA15: =AJ15-DY15 -> 37.8755 | EE15: 5 | EF15: 9994 | EG15: 12.3382 | EH15: 1.6534 | EI15: 0.6299 | EJ15: =EG15/24 -> 0.51409167 | EK15: =AJ15-EI15 -> 37.8701 | EM15: =EK15-EA15 -> -0.0054 | EO15: 5 | EP15: 9994 | EQ15: 12.5513 | ER15: 1.6819 | ES15: 0.6408 | ET15: =EQ15/24 -> 0.52297083 | EU15: =AJ15-ES15 -> 37.8592 | EY15: 5 | EZ15: 9994 | FA15: 12.6518 | FB15: 1.6954 | FC15: 0.6459 | FD15: =FA15/24 -> 0.52715833 | FE15: =AJ15-FC15 -> 37.8541 | FG15: =FE15-EU15 -> -0.0051 | FI15: 5 | FJ15: 9994 | FK15: 12.7857 | FL15: 1.7133 | FM15: 0.6528 | FN15: =FK15/24 -> 0.5327375 | FO15: =AJ15-FM15 -> 37.8472 | FP15: =FO15-FE15 -> -0.0069 | FS15: 5 | FT15: 9994 | FU15: 12.8133 | FV15: 1.717 | FW15: 0.6542 | FX15: =FU15/24 -> 0.5338875 | FY15: =AJ15-FW15 -> 37.8458 | FZ15: =FU15-FK15 -> 0.0276 | GC15: 5 | GD15: 9994 | GE15: 12.8815 | GF15: 1.7262 | GG15: 0.6577 | GH15: =GE15/24 -> 0.53672917 | GI15: =$AJ15-GG15 -> 37.8423 | GJ15: =GE15-FU15 -> 0.0682 | GM15: 5 | GN15: 9994 | GO15: 13.0259 | GP15: 1.7455 | GQ15: 0.665 | GR15: =GO15/24 -> 0.54274583 | GS15: =$AJ15-GQ15 -> 37.835 | GT15: =GO15-GE15 -> 0.1444 | GW15: 5 | GX15: 9994 | GY15: =VLOOKUP(GX15,Sheet3!$AJ$7:$AN$83,2,0) -> 13.2091 | GZ15: =VLOOKUP(GX15,Sheet3!$AJ$7:$AN$83,3,0) -> 1.7701 | HA15: =VLOOKUP(GX15,Sheet3!$AJ$7:$AN$83,4,0) -> 0.6744 | HB15: =GY15/24 -> 0.55037917 | HC15: =$AJ15-HA15 -> 37.8256 | HD15: =GY15-GO15 -> 0.1832 | HE15: =HA15-GQ15 -> 0.0094 | HH15: 5 | HI15: 9994 | HJ15: 13.283 | HK15: 1.78 | HL15: 0.6782 | HM15: =HJ15/24 -> 0.55345833 | HN15: =$AJ15-HL15 -> 37.8218 | HO15: =HJ15-GY15 -> 0.0739 | HR15: 5 | HS15: 9994 | HT15: 13.3312 | HU15: 1.7864 | HV15: 0.6806 | HW15: =HT15/24 -> 0.55546667 | HX15: =$AJ15-HV15 -> 37.8194 | HY15: =HT15-HJ15 -> 0.0482 | IB15: 5 | IC15: 9994 | ID15: 13.3521 | IE15: 1.7892 | IF15: 0.6817 | IG15: =ID15/24 -> 0.5563375 | IH15: =$AJ15-IF15 -> 37.8183 | II15: =ID15-HT15 -> 0.0209 | IL15: 5 | IM15: 9994 | IN15: 13.4619 | IO15: 1.8039 | IP15: 0.6873 | IQ15: =IN15/24 -> 0.5609125 | IR15: =$AJ15-IP15 -> 37.8127 | IS15: =IN15-ID15 -> 0.1098 | IV15: 5 | IW15: 9994 | IX15: 13.6102 | IY15: 1.8238 | IZ15: 0.6949 | JA15: =IX15/24 -> 0.56709167 | JB15: =$AJ15-IZ15 -> 37.8051 | JC15: =IX15-IN15 -> 0.1483 | JF15: 5 | JG15: 9994 | JH15: 13.6573 | JI15: 1.8301 | JJ15: 0.6973 | JK15: =JH15/24 -> 0.56905417 | JL15: =$AJ15-JJ15 -> 37.8027 | JM15: =JH15-IX15 -> 0.0471 | JP15: 5 | JQ15: 9994 | JR15: 13.6952 | JS15: 1.8352 | JT15: 0.6992 | JU15: =JR15/24 -> 0.57063333 | JV15: =$AJ15-JT15 -> 37.8008 | JW15: =JR15-JH15 -> 0.0379 | JZ15: 5 | KA15: 9994 | KB15: 13.784 | KC15: 1.8471 | KD15: 0.7037 | KE15: =KB15/24 -> 0.57433333 | KF15: =$AJ15-KD15 -> 37.7963 | KG15: =KB15-JR15 -> 0.0888 | KJ15: 5 | KK15: 9994 | KL15: 13.8137 | KM15: 1.8511 | KN15: 0.7053 | KO15: =KL15/24 -> 0.57557083 | KP15: =$AJ15-KN15 -> 37.7947 | KQ15: =KL15-KB15 -> 0.0297 | KT15: 5 | KU15: 9994 | KV15: 13.8449 | KW15: 1.8553 | KX15: 0.7069 | KY15: =KV15/24 -> 0.57687083 | KZ15: =$AJ15-KX15 -> 37.7931 | LA15: =KV15-KL15 -> 0.0312 | LD15: 5 | LE15: 9994 | LF15: 13.871 | LG15: 1.8588 | LH15: 0.7082 | LI15: =LF15/24 -> 0.57795833 | LJ15: =$AJ15-LH15 -> 37.7918 | LK15: =LF15-KV15 -> 0.0261 | LN15: 5 | LO15: 9994 | LP15: 13.9076 | LQ15: 1.8637 | LR15: 0.7101 | LS15: =LP15/24 -> 0.57948333 | LT15: =$AJ15-LR15 -> 37.7899 | LU15: =LP15-LF15 -> 0.0366 | LX15: 5 | LY15: 9994 | LZ15: 13.9488 | MA15: 1.8692 | MB15: 0.7122 | MC15: =LZ15/24 -> 0.5812 | MD15: =$AJ15-MB15 -> 37.7878 | ME15: =LZ15-LP15 -> 0.0412 | MH15: 5 | MI15: 9994 | MJ15: 13.9893 | MK15: 1.8746 | ML15: 0.7142 | MM15: =MJ15/24 -> 0.5828875 | MN15: =$AJ15-ML15 -> 37.7858 | MO15: =MJ15-LZ15 -> 0.0405 | MR15: 5 | MS15: 9994 | MT15: 14.0666 | MU15: 1.885 | MV15: 0.7182 | MW15: =MT15/24 -> 0.58610833 | MX15: =$AJ15-MV15 -> 37.7818 | MY15: =MT15-MJ15 -> 0.0773 | NB15: 5 | NC15: 9994 | ND15: 14.1456 | NE15: 1.8956 | NF15: 0.7222 | NG15: =ND15/24 -> 0.5894 | NH15: =$AJ15-NF15 -> 37.7778 | NI15: =ND15-MT15 -> 0.079 | NL15: 5 | NM15: 9994 | NN15: 14.1689 | NO15: 1.8987 | NP15: 0.7234 | NQ15: =NN15/24 -> 0.59037083 | NR15: =$AJ15-NP15 -> 37.7766 | NS15: =NN15-ND15 -> 0.0233 | NV15: 5 | NW15: 9994 | NX15: 14.2058 | NY15: 1.9036 | NZ15: 0.7253 | OA15: =NX15/24 -> 0.59190833 | OB15: =$AJ15-NZ15 -> 37.7747 | OC15: =NX15-NN15 -> 0.0369 | OF15: 5 | OG15: 9994 | OH15: 14.2243 | OI15: 1.9061 | OJ15: 0.7262 | OK15: =OH15/24 -> 0.59267917 | OL15: =$AJ15-OJ15 -> 37.7738 | OM15: =OH15-NX15 -> 0.0185 | OP15: 5 | OQ15: 9994 | OR15: =VLOOKUP(OQ15,Sheet4!A13:F89,3,0) -> 14.2667 | OS15: =VLOOKUP(OQ15,Sheet4!A13:F89,4,0) -> 1.9118 | OT15: =VLOOKUP(OQ15,Sheet4!A13:F89,5,0) -> 0.7284 | OU15: =OR15/24 -> 0.59444583 | OV15: =$AJ15-OT15 -> 37.7716 | OW15: =OR15-OH15 -> 0.0424
A16: 8 | B16: 9995 | C16: B | D16: 38.5 | J16: 9995 | K16: 11.0345 | L16: 1.4787 | M16: 0.5634 | N16: =K16/24 -> 0.45977083 | O16: =D16-M16 -> 37.9366 | R16: 9995 | S16: 11.1296 | T16: 1.4914 | U16: 0.5682 | V16: =S16/24 -> 0.46373333 | W16: =D16-U16 -> 37.9318 | Z16: 9995 | AA16: 11.3632 | AB16: 1.5227 | AC16: 0.5802 | AD16: =AA16/24 -> 0.47346667 | AE16: =D16-AC16 -> 37.9198 | AG16: 8 | AH16: 9995 | AI16: B | AJ16: 38.5 | AL16: 9995 | AM16: 11.6156 | AN16: 1.5565 | AO16: 0.593 | AP16: =AM16/24 -> 0.48398333 | AQ16: =AJ16-AO16 -> 37.907 | AU16: 9995 | AV16: 11.7229 | AW16: 1.5709 | AX16: 0.5985 | AY16: =AV16/24 -> 0.48845417 | AZ16: =AJ16-AX16 -> 37.9015 | BD16: 9995 | BE16: 11.7351 | BF16: 1.5725 | BG16: 0.5991 | BH16: =BE16/24 -> 0.4889625 | BI16: =AJ16-BG16 -> 37.9009 | BN16: 9995 | BO16: 11.7804 | BP16: 1.5786 | BQ16: 0.6015 | BR16: =BO16/24 -> 0.49085 | BS16: =AJ16-BQ16 -> 37.8985 | BX16: 9995 | BY16: 11.8696 | BZ16: 1.5906 | CA16: 0.606 | CB16: =BY16/24 -> 0.49456667 | CC16: =AJ16-CA16 -> 37.894 | CG16: 6 | CH16: 9995 | CI16: 11.9463 | CJ16: 1.6009 | CK16: 0.6099 | CL16: =CI16/24 -> 0.4977625 | CM16: =AJ16-CK16 -> 37.8901 | CQ16: 6 | CR16: 9995 | CS16: 12.0428 | CT16: 1.6138 | CU16: 0.6149 | CV16: =CS16/24 -> 0.50178333 | CW16: =AJ16-CU16 -> 37.8851 | DA16: 6 | DB16: 9995 | DC16: 12.0523 | DD16: 1.6151 | DE16: 0.6153 | DF16: =DC16/24 -> 0.50217917 | DG16: =AJ16-DE16 -> 37.8847 | DK16: 6 | DL16: 9995 | DM16: 12.1624 | DN16: 1.6298 | DO16: 0.621 | DP16: =DM16/24 -> 0.50676667 | DQ16: =AJ16-DO16 -> 37.879 | DS16: =DM16-DC16 -> 0.1101 | DU16: 6 | DV16: 9995 | DW16: 12.231 | DX16: 1.639 | DY16: 0.6245 | DZ16: =DW16/24 -> 0.509625 | EA16: =AJ16-DY16 -> 37.8755 | EE16: 6 | EF16: 9995 | EG16: 12.3382 | EH16: 1.6534 | EI16: 0.6299 | EJ16: =EG16/24 -> 0.51409167 | EK16: =AJ16-EI16 -> 37.8701 | EM16: =EK16-EA16 -> -0.0054 | EO16: 6 | EP16: 9995 | EQ16: 12.5513 | ER16: 1.6819 | ES16: 0.6408 | ET16: =EQ16/24 -> 0.52297083 | EU16: =AJ16-ES16 -> 37.8592 | EY16: 6 | EZ16: 9995 | FA16: 12.6518 | FB16: 1.6954 | FC16: 0.6459 | FD16: =FA16/24 -> 0.52715833 | FE16: =AJ16-FC16 -> 37.8541 | FG16: =FE16-EU16 -> -0.0051 | FI16: 6 | FJ16: 9995 | FK16: 12.7857 | FL16: 1.7133 | FM16: 0.6528 | FN16: =FK16/24 -> 0.5327375 | FO16: =AJ16-FM16 -> 37.8472 | FP16: =FO16-FE16 -> -0.0069 | FS16: 6 | FT16: 9995 | FU16: 12.8133 | FV16: 1.717 | FW16: 0.6542 | FX16: =FU16/24 -> 0.5338875 | FY16: =AJ16-FW16 -> 37.8458 | FZ16: =FU16-FK16 -> 0.0276 | GC16: 6 | GD16: 9995 | GE16: 12.8815 | GF16: 1.7262 | GG16: 0.6577 | GH16: =GE16/24 -> 0.53672917 | GI16: =$AJ16-GG16 -> 37.8423 | GJ16: =GE16-FU16 -> 0.0682 | GM16: 6 | GN16: 9995 | GO16: 13.0259 | GP16: 1.7455 | GQ16: 0.665 | GR16: =GO16/24 -> 0.54274583 | GS16: =$AJ16-GQ16 -> 37.835 | GT16: =GO16-GE16 -> 0.1444 | GW16: 6 | GX16: 9995 | GY16: =VLOOKUP(GX16,Sheet3!$AJ$7:$AN$83,2,0) -> 13.2091 | GZ16: =VLOOKUP(GX16,Sheet3!$AJ$7:$AN$83,3,0) -> 1.7701 | HA16: =VLOOKUP(GX16,Sheet3!$AJ$7:$AN$83,4,0) -> 0.6744 | HB16: =GY16/24 -> 0.55037917 | HC16: =$AJ16-HA16 -> 37.8256 | HD16: =GY16-GO16 -> 0.1832 | HE16: =HA16-GQ16 -> 0.0094 | HH16: 6 | HI16: 9995 | HJ16: 13.283 | HK16: 1.78 | HL16: 0.6782 | HM16: =HJ16/24 -> 0.55345833 | HN16: =$AJ16-HL16 -> 37.8218 | HO16: =HJ16-GY16 -> 0.0739 | HR16: 6 | HS16: 9995 | HT16: 13.3312 | HU16: 1.7864 | HV16: 0.6806 | HW16: =HT16/24 -> 0.55546667 | HX16: =$AJ16-HV16 -> 37.8194 | HY16: =HT16-HJ16 -> 0.0482 | IB16: 6 | IC16: 9995 | ID16: 13.3521 | IE16: 1.7892 | IF16: 0.6817 | IG16: =ID16/24 -> 0.5563375 | IH16: =$AJ16-IF16 -> 37.8183 | II16: =ID16-HT16 -> 0.0209 | IL16: 6 | IM16: 9995 | IN16: 13.4619 | IO16: 1.8039 | IP16: 0.6873 | IQ16: =IN16/24 -> 0.5609125 | IR16: =$AJ16-IP16 -> 37.8127 | IS16: =IN16-ID16 -> 0.1098 | IV16: 6 | IW16: 9995 | IX16: 13.6102 | IY16: 1.8238 | IZ16: 0.6949 | JA16: =IX16/24 -> 0.56709167 | JB16: =$AJ16-IZ16 -> 37.8051 | JC16: =IX16-IN16 -> 0.1483 | JF16: 6 | JG16: 9995 | JH16: 13.6573 | JI16: 1.8301 | JJ16: 0.6973 | JK16: =JH16/24 -> 0.56905417 | JL16: =$AJ16-JJ16 -> 37.8027 | JM16: =JH16-IX16 -> 0.0471 | JP16: 6 | JQ16: 9995 | JR16: 13.6952 | JS16: 1.8352 | JT16: 0.6992 | JU16: =JR16/24 -> 0.57063333 | JV16: =$AJ16-JT16 -> 37.8008 | JW16: =JR16-JH16 -> 0.0379 | JZ16: 6 | KA16: 9995 | KB16: 13.784 | KC16: 1.8471 | KD16: 0.7037 | KE16: =KB16/24 -> 0.57433333 | KF16: =$AJ16-KD16 -> 37.7963 | KG16: =KB16-JR16 -> 0.0888 | KJ16: 6 | KK16: 9995 | KL16: 13.8137 | KM16: 1.8511 | KN16: 0.7053 | KO16: =KL16/24 -> 0.57557083 | KP16: =$AJ16-KN16 -> 37.7947 | KQ16: =KL16-KB16 -> 0.0297 | KT16: 6 | KU16: 9995 | KV16: 13.8449 | KW16: 1.8553 | KX16: 0.7069 | KY16: =KV16/24 -> 0.57687083 | KZ16: =$AJ16-KX16 -> 37.7931 | LA16: =KV16-KL16 -> 0.0312 | LD16: 6 | LE16: 9995 | LF16: 13.871 | LG16: 1.8588 | LH16: 0.7082 | LI16: =LF16/24 -> 0.57795833 | LJ16: =$AJ16-LH16 -> 37.7918 | LK16: =LF16-KV16 -> 0.0261 | LN16: 6 | LO16: 9995 | LP16: 13.9076 | LQ16: 1.8637 | LR16: 0.7101 | LS16: =LP16/24 -> 0.57948333 | LT16: =$AJ16-LR16 -> 37.7899 | LU16: =LP16-LF16 -> 0.0366 | LX16: 6 | LY16: 9995 | LZ16: 13.9488 | MA16: 1.8692 | MB16: 0.7122 | MC16: =LZ16/24 -> 0.5812 | MD16: =$AJ16-MB16 -> 37.7878 | ME16: =LZ16-LP16 -> 0.0412 | MH16: 6 | MI16: 9995 | MJ16: 13.9893 | MK16: 1.8746 | ML16: 0.7142 | MM16: =MJ16/24 -> 0.5828875 | MN16: =$AJ16-ML16 -> 37.7858 | MO16: =MJ16-LZ16 -> 0.0405 | MR16: 6 | MS16: 9995 | MT16: 14.0666 | MU16: 1.885 | MV16: 0.7182 | MW16: =MT16/24 -> 0.58610833 | MX16: =$AJ16-MV16 -> 37.7818 | MY16: =MT16-MJ16 -> 0.0773 | NB16: 6 | NC16: 9995 | ND16: 14.1456 | NE16: 1.8956 | NF16: 0.7222 | NG16: =ND16/24 -> 0.5894 | NH16: =$AJ16-NF16 -> 37.7778 | NI16: =ND16-MT16 -> 0.079 | NL16: 6 | NM16: 9995 | NN16: 14.1689 | NO16: 1.8987 | NP16: 0.7234 | NQ16: =NN16/24 -> 0.59037083 | NR16: =$AJ16-NP16 -> 37.7766 | NS16: =NN16-ND16 -> 0.0233 | NV16: 6 | NW16: 9995 | NX16: 14.2058 | NY16: 1.9036 | NZ16: 0.7253 | OA16: =NX16/24 -> 0.59190833 | OB16: =$AJ16-NZ16 -> 37.7747 | OC16: =NX16-NN16 -> 0.0369 | OF16: 6 | OG16: 9995 | OH16: 14.2243 | OI16: 1.9061 | OJ16: 0.7262 | OK16: =OH16/24 -> 0.59267917 | OL16: =$AJ16-OJ16 -> 37.7738 | OM16: =OH16-NX16 -> 0.0185 | OP16: 6 | OQ16: 9995 | OR16: =VLOOKUP(OQ16,Sheet4!A14:F90,3,0) -> 14.2667 | OS16: =VLOOKUP(OQ16,Sheet4!A14:F90,4,0) -> 1.9118 | OT16: =VLOOKUP(OQ16,Sheet4!A14:F90,5,0) -> 0.7284 | OU16: =OR16/24 -> 0.59444583 | OV16: =$AJ16-OT16 -> 37.7716 | OW16: =OR16-OH16 -> 0.0424
A17: 9 | B17: 9892 | C17: B | D17: 38.03 | J17: 9892 | K17: 9.4783 | L17: 1.2701 | M17: 0.4839 | N17: =K17/24 -> 0.39492917 | O17: =D17-M17 -> 37.5461 | R17: 9892 | S17: 9.565 | T17: 1.2817 | U17: 0.4883 | V17: =S17/24 -> 0.39854167 | W17: =D17-U17 -> 37.5417 | Z17: 9892 | AA17: 9.7781 | AB17: 1.3103 | AC17: 0.4992 | AD17: =AA17/24 -> 0.40742083 | AE17: =D17-AC17 -> 37.5308 | AG17: 9 | AH17: 9892 | AI17: B | AJ17: 38.03 | AL17: 9892 | AM17: 10.009 | AN17: 1.3412 | AO17: 0.511 | AP17: =AM17/24 -> 0.41704167 | AQ17: =AJ17-AO17 -> 37.519 | AU17: 9892 | AV17: 10.1072 | AW17: 1.3544 | AX17: 0.516 | AY17: =AV17/24 -> 0.42113333 | AZ17: =AJ17-AX17 -> 37.514 | BD17: 9892 | BE17: 10.1183 | BF17: 1.3559 | BG17: 0.5166 | BH17: =BE17/24 -> 0.42159583 | BI17: =AJ17-BG17 -> 37.5134 | BN17: 9892 | BO17: 10.1597 | BP17: 1.3614 | BQ17: 0.5187 | BR17: =BO17/24 -> 0.42332083 | BS17: =AJ17-BQ17 -> 37.5113 | BX17: 9892 | BY17: 10.2413 | BZ17: 1.3724 | CA17: 0.5229 | CB17: =BY17/24 -> 0.42672083 | CC17: =AJ17-CA17 -> 37.5071 | CG17: 7 | CH17: 9892 | CI17: 10.3115 | CJ17: 1.3818 | CK17: 0.5265 | CL17: =CI17/24 -> 0.42964583 | CM17: =AJ17-CK17 -> 37.5035 | CQ17: 7 | CR17: 9892 | CS17: 10.3997 | CT17: 1.3936 | CU17: 0.531 | CV17: =CS17/24 -> 0.43332083 | CW17: =AJ17-CU17 -> 37.499 | DA17: 7 | DB17: 9892 | DC17: 10.4084 | DD17: 1.3948 | DE17: 0.5314 | DF17: =DC17/24 -> 0.43368333 | DG17: =AJ17-DE17 -> 37.4986 | DK17: 7 | DL17: 9892 | DM17: 10.5091 | DN17: 1.4083 | DO17: 0.5365 | DP17: =DM17/24 -> 0.43787917 | DQ17: =AJ17-DO17 -> 37.4935 | DS17: =DM17-DC17 -> 0.1007 | DU17: 7 | DV17: 9892 | DW17: 10.5719 | DX17: 1.4167 | DY17: 0.5398 | DZ17: =DW17/24 -> 0.44049583 | EA17: =AJ17-DY17 -> 37.4902 | EE17: 7 | EF17: 9892 | EG17: 10.6699 | EH17: 1.4298 | EI17: 0.5448 | EJ17: =EG17/24 -> 0.44457917 | EK17: =AJ17-EI17 -> 37.4852 | EM17: =EK17-EA17 -> -0.005 | EO17: 7 | EP17: 9892 | EQ17: 10.8648 | ER17: 1.4559 | ES17: 0.5547 | ET17: =EQ17/24 -> 0.4527 | EU17: =AJ17-ES17 -> 37.4753 | EY17: 7 | EZ17: 9892 | FA17: 10.9567 | FB17: 1.4682 | FC17: 0.5594 | FD17: =FA17/24 -> 0.45652917 | FE17: =AJ17-FC17 -> 37.4706 | FG17: =FE17-EU17 -> -0.0047 | FI17: 7 | FJ17: 9892 | FK17: 11.0791 | FL17: 1.4846 | FM17: 0.5656 | FN17: =FK17/24 -> 0.46162917 | FO17: =AJ17-FM17 -> 37.4644 | FP17: =FO17-FE17 -> -0.0062 | FS17: 7 | FT17: 9892 | FU17: 11.1043 | FV17: 1.488 | FW17: 0.5669 | FX17: =FU17/24 -> 0.46267917 | FY17: =AJ17-FW17 -> 37.4631 | FZ17: =FU17-FK17 -> 0.0252 | GC17: 7 | GD17: 9892 | GE17: 11.1666 | GF17: 1.4964 | GG17: 0.5701 | GH17: =GE17/24 -> 0.465275 | GI17: =$AJ17-GG17 -> 37.4599 | GJ17: =GE17-FU17 -> 0.0623 | GM17: 7 | GN17: 9892 | GO17: 11.2986 | GP17: 1.5141 | GQ17: 0.5769 | GR17: =GO17/24 -> 0.470775 | GS17: =$AJ17-GQ17 -> 37.4531 | GT17: =GO17-GE17 -> 0.132 | GW17: 7 | GX17: 9892 | GY17: =VLOOKUP(GX17,Sheet3!$AJ$7:$AN$83,2,0) -> 11.4662 | GZ17: =VLOOKUP(GX17,Sheet3!$AJ$7:$AN$83,3,0) -> 1.5365 | HA17: =VLOOKUP(GX17,Sheet3!$AJ$7:$AN$83,4,0) -> 0.5854 | HB17: =GY17/24 -> 0.47775833 | HC17: =$AJ17-HA17 -> 37.4446 | HD17: =GY17-GO17 -> 0.1676 | HE17: =HA17-GQ17 -> 0.0085 | HH17: 7 | HI17: 9892 | HJ17: 11.5338 | HK17: 1.5456 | HL17: 0.5889 | HM17: =HJ17/24 -> 0.480575 | HN17: =$AJ17-HL17 -> 37.4411 | HO17: =HJ17-GY17 -> 0.0676 | HR17: 7 | HS17: 9892 | HT17: 11.5779 | HU17: 1.5515 | HV17: 0.5911 | HW17: =HT17/24 -> 0.4824125 | HX17: =$AJ17-HV17 -> 37.4389 | HY17: =HT17-HJ17 -> 0.0441 | IB17: 7 | IC17: 9892 | ID17: 11.597 | IE17: 1.554 | IF17: 0.5921 | IG17: =ID17/24 -> 0.48320833 | IH17: =$AJ17-IF17 -> 37.4379 | II17: =ID17-HT17 -> 0.0191 | IL17: 7 | IM17: 9892 | IN17: 11.6974 | IO17: 1.5675 | IP17: 0.5972 | IQ17: =IN17/24 -> 0.48739167 | IR17: =$AJ17-IP17 -> 37.4328 | IS17: =IN17-ID17 -> 0.1004 | IV17: 7 | IW17: 9892 | IX17: 11.833 | IY17: 1.5857 | IZ17: 0.6041 | JA17: =IX17/24 -> 0.49304167 | JB17: =$AJ17-IZ17 -> 37.4259 | JC17: =IX17-IN17 -> 0.1356 | JF17: 7 | JG17: 9892 | JH17: 11.8761 | JI17: 1.5914 | JJ17: 0.6063 | JK17: =JH17/24 -> 0.4948375 | JL17: =$AJ17-JJ17 -> 37.4237 | JM17: =JH17-IX17 -> 0.0431 | JP17: 7 | JQ17: 9892 | JR17: 11.9108 | JS17: 1.5961 | JT17: 0.6081 | JU17: =JR17/24 -> 0.49628333 | JV17: =$AJ17-JT17 -> 37.4219 | JW17: =JR17-JH17 -> 0.0347 | JZ17: 7 | KA17: 9892 | KB17: 11.992 | KC17: 1.607 | KD17: 0.6123 | KE17: =KB17/24 -> 0.49966667 | KF17: =$AJ17-KD17 -> 37.4177 | KG17: =KB17-JR17 -> 0.0812 | KJ17: 7 | KK17: 9892 | KL17: 12.0191 | KM17: 1.6106 | KN17: 0.6136 | KO17: =KL17/24 -> 0.50079583 | KP17: =$AJ17-KN17 -> 37.4164 | KQ17: =KL17-KB17 -> 0.0271 | KT17: 7 | KU17: 9892 | KV17: 12.0476 | KW17: 1.6144 | KX17: 0.6151 | KY17: =KV17/24 -> 0.50198333 | KZ17: =$AJ17-KX17 -> 37.4149 | LA17: =KV17-KL17 -> 0.0285 | LD17: 7 | LE17: 9892 | LF17: 12.0715 | LG17: 1.6176 | LH17: 0.6163 | LI17: =LF17/24 -> 0.50297917 | LJ17: =$AJ17-LH17 -> 37.4137 | LK17: =LF17-KV17 -> 0.0239 | LN17: 7 | LO17: 9892 | LP17: 12.105 | LQ17: 1.6221 | LR17: 0.618 | LS17: =LP17/24 -> 0.504375 | LT17: =$AJ17-LR17 -> 37.412 | LU17: =LP17-LF17 -> 0.0335 | LX17: 7 | LY17: 9892 | LZ17: 12.1426 | MA17: 1.6272 | MB17: 0.6199 | MC17: =LZ17/24 -> 0.50594167 | MD17: =$AJ17-MB17 -> 37.4101 | ME17: =LZ17-LP17 -> 0.0376 | MH17: 7 | MI17: 9892 | MJ17: 12.1797 | MK17: 1.6321 | ML17: 0.6218 | MM17: =MJ17/24 -> 0.5074875 | MN17: =$AJ17-ML17 -> 37.4082 | MO17: =MJ17-LZ17 -> 0.0371 | MR17: 7 | MS17: 9892 | MT17: 12.2504 | MU17: 1.6416 | MV17: 0.6255 | MW17: =MT17/24 -> 0.51043333 | MX17: =$AJ17-MV17 -> 37.4045 | MY17: =MT17-MJ17 -> 0.0707 | NB17: 7 | NC17: 9892 | ND17: 12.3227 | NE17: 1.6513 | NF17: 0.6291 | NG17: =ND17/24 -> 0.51344583 | NH17: =$AJ17-NF17 -> 37.4009 | NI17: =ND17-MT17 -> 0.0723 | NL17: 7 | NM17: 9892 | NN17: 12.344 | NO17: 1.6541 | NP17: 0.6302 | NQ17: =NN17/24 -> 0.51433333 | NR17: =$AJ17-NP17 -> 37.3998 | NS17: =NN17-ND17 -> 0.0213 | NV17: 7 | NW17: 9892 | NX17: 12.3777 | NY17: 1.6587 | NZ17: 0.6319 | OA17: =NX17/24 -> 0.5157375 | OB17: =$AJ17-NZ17 -> 37.3981 | OC17: =NX17-NN17 -> 0.0337 | OF17: 7 | OG17: 9892 | OH17: 12.3946 | OI17: 1.6609 | OJ17: 0.6328 | OK17: =OH17/24 -> 0.51644167 | OL17: =$AJ17-OJ17 -> 37.3972 | OM17: =OH17-NX17 -> 0.0169 | OP17: 7 | OQ17: 9892 | OR17: =VLOOKUP(OQ17,Sheet4!A15:F91,3,0) -> 12.4334 | OS17: =VLOOKUP(OQ17,Sheet4!A15:F91,4,0) -> 1.6661 | OT17: =VLOOKUP(OQ17,Sheet4!A15:F91,5,0) -> 0.6348 | OU17: =OR17/24 -> 0.51805833 | OV17: =$AJ17-OT17 -> 37.3952 | OW17: =OR17-OH17 -> 0.0388
A18: 10 | B18: 9998 | C18: B | D18: 37.98 | J18: 9998 | K18: 8.9566 | L18: 1.2002 | M18: 0.4573 | N18: =K18/24 -> 0.37319167 | O18: =D18-M18 -> 37.5227 | R18: 9998 | S18: 9.0433 | T18: 1.2118 | U18: 0.4617 | V18: =S18/24 -> 0.37680417 | W18: =D18-U18 -> 37.5183 | Z18: 9998 | AA18: 9.2564 | AB18: 1.2404 | AC18: 0.4726 | AD18: =AA18/24 -> 0.38568333 | AE18: =D18-AC18 -> 37.5074 | AG18: 10 | AH18: 9998 | AI18: B | AJ18: 37.98 | AL18: 9998 | AM18: 9.4873 | AN18: 1.2713 | AO18: 0.4844 | AP18: =AM18/24 -> 0.39530417 | AQ18: =AJ18-AO18 -> 37.4956 | AU18: 9998 | AV18: 9.5855 | AW18: 1.2845 | AX18: 0.4894 | AY18: =AV18/24 -> 0.39939583 | AZ18: =AJ18-AX18 -> 37.4906 | BD18: 9998 | BE18: 9.5966 | BF18: 1.286 | BG18: 0.49 | BH18: =BE18/24 -> 0.39985833 | BI18: =AJ18-BG18 -> 37.49 | BN18: 9998 | BO18: 9.638 | BP18: 1.2915 | BQ18: 0.4921 | BR18: =BO18/24 -> 0.40158333 | BS18: =AJ18-BQ18 -> 37.4879 | BX18: 9998 | BY18: 9.7196 | BZ18: 1.3025 | CA18: 0.4962 | CB18: =BY18/24 -> 0.40498333 | CC18: =AJ18-CA18 -> 37.4838 | CG18: 8 | CH18: 9998 | CI18: 9.7898 | CJ18: 1.3119 | CK18: 0.4998 | CL18: =CI18/24 -> 0.40790833 | CM18: =AJ18-CK18 -> 37.4802 | CQ18: 8 | CR18: 9998 | CS18: 9.878 | CT18: 1.3237 | CU18: 0.5043 | CV18: =CS18/24 -> 0.41158333 | CW18: =AJ18-CU18 -> 37.4757 | DA18: 8 | DB18: 9998 | DC18: 9.8867 | DD18: 1.3249 | DE18: 0.5048 | DF18: =DC18/24 -> 0.41194583 | DG18: =AJ18-DE18 -> 37.4752 | DK18: 8 | DL18: 9998 | DM18: 9.9874 | DN18: 1.3384 | DO18: 0.5099 | DP18: =DM18/24 -> 0.41614167 | DQ18: =AJ18-DO18 -> 37.4701 | DS18: =DM18-DC18 -> 0.1007 | DU18: 8 | DV18: 9998 | DW18: 10.0502 | DX18: 1.3468 | DY18: 0.5131 | DZ18: =DW18/24 -> 0.41875833 | EA18: =AJ18-DY18 -> 37.4669 | EE18: 8 | EF18: 9998 | EG18: 10.1482 | EH18: 1.3599 | EI18: 0.5181 | EJ18: =EG18/24 -> 0.42284167 | EK18: =AJ18-EI18 -> 37.4619 | EM18: =EK18-EA18 -> -0.005 | EO18: 8 | EP18: 9998 | EQ18: 10.3431 | ER18: 1.386 | ES18: 0.5281 | ET18: =EQ18/24 -> 0.4309625 | EU18: =AJ18-ES18 -> 37.4519 | EY18: 8 | EZ18: 9998 | FA18: 10.435 | FB18: 1.3983 | FC18: 0.5328 | FD18: =FA18/24 -> 0.43479167 | FE18: =AJ18-FC18 -> 37.4472 | FG18: =FE18-EU18 -> -0.0047 | FI18: 8 | FJ18: 9998 | FK18: 10.5574 | FL18: 1.4147 | FM18: 0.539 | FN18: =FK18/24 -> 0.43989167 | FO18: =AJ18-FM18 -> 37.441 | FP18: =FO18-FE18 -> -0.0062 | FS18: 8 | FT18: 9998 | FU18: 10.5826 | FV18: 1.4181 | FW18: 0.5403 | FX18: =FU18/24 -> 0.44094167 | FY18: =AJ18-FW18 -> 37.4397 | FZ18: =FU18-FK18 -> 0.0252 | GC18: 8 | GD18: 9998 | GE18: 10.6449 | GF18: 1.4265 | GG18: 0.5435 | GH18: =GE18/24 -> 0.4435375 | GI18: =$AJ18-GG18 -> 37.4365 | GJ18: =GE18-FU18 -> 0.0623 | GM18: 8 | GN18: 9998 | GO18: 10.7769 | GP18: 1.4441 | GQ18: 0.5502 | GR18: =GO18/24 -> 0.4490375 | GS18: =$AJ18-GQ18 -> 37.4298 | GT18: =GO18-GE18 -> 0.132 | GW18: 8 | GX18: 9998 | GY18: =VLOOKUP(GX18,Sheet3!$AJ$7:$AN$83,2,0) -> 10.9445 | GZ18: =VLOOKUP(GX18,Sheet3!$AJ$7:$AN$83,3,0) -> 1.4666 | HA18: =VLOOKUP(GX18,Sheet3!$AJ$7:$AN$83,4,0) -> 0.5588 | HB18: =GY18/24 -> 0.45602083 | HC18: =$AJ18-HA18 -> 37.4212 | HD18: =GY18-GO18 -> 0.1676 | HE18: =HA18-GQ18 -> 0.0086 | HH18: 8 | HI18: 9998 | HJ18: 11.0121 | HK18: 1.4757 | HL18: 0.5622 | HM18: =HJ18/24 -> 0.4588375 | HN18: =$AJ18-HL18 -> 37.4178 | HO18: =HJ18-GY18 -> 0.0676 | HR18: 8 | HS18: 9998 | HT18: 11.0562 | HU18: 1.4816 | HV18: 0.5645 | HW18: =HT18/24 -> 0.460675 | HX18: =$AJ18-HV18 -> 37.4155 | HY18: =HT18-HJ18 -> 0.0441 | IB18: 8 | IC18: 9998 | ID18: 11.0753 | IE18: 1.4841 | IF18: 0.5655 | IG18: =ID18/24 -> 0.46147083 | IH18: =$AJ18-IF18 -> 37.4145 | II18: =ID18-HT18 -> 0.0191 | IL18: 8 | IM18: 9998 | IN18: 11.1757 | IO18: 1.4976 | IP18: 0.5706 | IQ18: =IN18/24 -> 0.46565417 | IR18: =$AJ18-IP18 -> 37.4094 | IS18: =IN18-ID18 -> 0.1004 | IV18: 8 | IW18: 9998 | IX18: 11.3113 | IY18: 1.5158 | IZ18: 0.5775 | JA18: =IX18/24 -> 0.47130417 | JB18: =$AJ18-IZ18 -> 37.4025 | JC18: =IX18-IN18 -> 0.1356 | JF18: 8 | JG18: 9998 | JH18: 11.3544 | JI18: 1.5215 | JJ18: 0.5797 | JK18: =JH18/24 -> 0.4731 | JL18: =$AJ18-JJ18 -> 37.4003 | JM18: =JH18-IX18 -> 0.0431 | JP18: 8 | JQ18: 9998 | JR18: 11.3891 | JS18: 1.5262 | JT18: 0.5815 | JU18: =JR18/24 -> 0.47454583 | JV18: =$AJ18-JT18 -> 37.3985 | JW18: =JR18-JH18 -> 0.0347 | JZ18: 8 | KA18: 9998 | KB18: 11.4703 | KC18: 1.5371 | KD18: 0.5856 | KE18: =KB18/24 -> 0.47792917 | KF18: =$AJ18-KD18 -> 37.3944 | KG18: =KB18-JR18 -> 0.0812 | KJ18: 8 | KK18: 9998 | KL18: 11.4974 | KM18: 1.5407 | KN18: 0.587 | KO18: =KL18/24 -> 0.47905833 | KP18: =$AJ18-KN18 -> 37.393 | KQ18: =KL18-KB18 -> 0.0271 | KT18: 8 | KU18: 9998 | KV18: 11.5259 | KW18: 1.5445 | KX18: 0.5885 | KY18: =KV18/24 -> 0.48024583 | KZ18: =$AJ18-KX18 -> 37.3915 | LA18: =KV18-KL18 -> 0.0285 | LD18: 8 | LE18: 9998 | LF18: 11.5498 | LG18: 1.5477 | LH18: 0.5897 | LI18: =LF18/24 -> 0.48124167 | LJ18: =$AJ18-LH18 -> 37.3903 | LK18: =LF18-KV18 -> 0.0239 | LN18: 8 | LO18: 9998 | LP18: 11.5833 | LQ18: 1.5522 | LR18: 0.5914 | LS18: =LP18/24 -> 0.4826375 | LT18: =$AJ18-LR18 -> 37.3886 | LU18: =LP18-LF18 -> 0.0335 | LX18: 8 | LY18: 9998 | LZ18: 11.6209 | MA18: 1.5572 | MB18: 0.5933 | MC18: =LZ18/24 -> 0.48420417 | MD18: =$AJ18-MB18 -> 37.3867 | ME18: =LZ18-LP18 -> 0.0376 | MH18: 8 | MI18: 9998 | MJ18: 11.658 | MK18: 1.5622 | ML18: 0.5952 | MM18: =MJ18/24 -> 0.48575 | MN18: =$AJ18-ML18 -> 37.3848 | MO18: =MJ18-LZ18 -> 0.0371 | MR18: 8 | MS18: 9998 | MT18: 11.7287 | MU18: 1.5717 | MV18: 0.5988 | MW18: =MT18/24 -> 0.48869583 | MX18: =$AJ18-MV18 -> 37.3812 | MY18: =MT18-MJ18 -> 0.0707 | NB18: 8 | NC18: 9998 | ND18: 11.801 | NE18: 1.5814 | NF18: 0.6025 | NG18: =ND18/24 -> 0.49170833 | NH18: =$AJ18-NF18 -> 37.3775 | NI18: =ND18-MT18 -> 0.0723 | NL18: 8 | NM18: 9998 | NN18: 11.8223 | NO18: 1.5842 | NP18: 0.6036 | NQ18: =NN18/24 -> 0.49259583 | NR18: =$AJ18-NP18 -> 37.3764 | NS18: =NN18-ND18 -> 0.0213 | NV18: 8 | NW18: 9998 | NX18: 11.856 | NY18: 1.5888 | NZ18: 0.6053 | OA18: =NX18/24 -> 0.494 | OB18: =$AJ18-NZ18 -> 37.3747 | OC18: =NX18-NN18 -> 0.0337 | OF18: 8 | OG18: 9998 | OH18: 11.8729 | OI18: 1.591 | OJ18: 0.6062 | OK18: =OH18/24 -> 0.49470417 | OL18: =$AJ18-OJ18 -> 37.3738 | OM18: =OH18-NX18 -> 0.0169 | OP18: 8 | OQ18: 9998 | OR18: =VLOOKUP(OQ18,Sheet4!A16:F92,3,0) -> 11.9117 | OS18: =VLOOKUP(OQ18,Sheet4!A16:F92,4,0) -> 1.5962 | OT18: =VLOOKUP(OQ18,Sheet4!A16:F92,5,0) -> 0.6082 | OU18: =OR18/24 -> 0.49632083 | OV18: =$AJ18-OT18 -> 37.3718 | OW18: =OR18-OH18 -> 0.0388
A19: 11 | B19: 9981 | C19: B | D19: 38.04 | J19: 9981 | K19: 9.7388 | L19: 1.305 | M19: 0.4972 | N19: =K19/24 -> 0.40578333 | O19: =D19-M19 -> 37.5428 | R19: 9981 | S19: 9.8255 | T19: 1.3167 | U19: 0.5016 | V19: =S19/24 -> 0.40939583 | W19: =D19-U19 -> 37.5384 | Z19: 9981 | AA19: 10.0386 | AB19: 1.3452 | AC19: 0.5125 | AD19: =AA19/24 -> 0.418275 | AE19: =D19-AC19 -> 37.5275 | AG19: 11 | AH19: 9981 | AI19: B | AJ19: 38.04 | AL19: 9981 | AM19: 10.2695 | AN19: 1.3762 | AO19: 0.5243 | AP19: =AM19/24 -> 0.42789583 | AQ19: =AJ19-AO19 -> 37.5157 | AU19: 9981 | AV19: 10.3677 | AW19: 1.3893 | AX19: 0.5293 | AY19: =AV19/24 -> 0.4319875 | AZ19: =AJ19-AX19 -> 37.5107 | BD19: 9981 | BE19: 10.3788 | BF19: 1.3908 | BG19: 0.5299 | BH19: =BE19/24 -> 0.43245 | BI19: =AJ19-BG19 -> 37.5101 | BN19: 9981 | BO19: 10.4202 | BP19: 1.3963 | BQ19: 0.532 | BR19: =BO19/24 -> 0.434175 | BS19: =AJ19-BQ19 -> 37.508 | BX19: 9981 | BY19: 10.5018 | BZ19: 1.4073 | CA19: 0.5362 | CB19: =BY19/24 -> 0.437575 | CC19: =AJ19-CA19 -> 37.5038 | CG19: 9 | CH19: 9981 | CI19: 10.572 | CJ19: 1.4167 | CK19: 0.5398 | CL19: =CI19/24 -> 0.4405 | CM19: =AJ19-CK19 -> 37.5002 | CQ19: 9 | CR19: 9981 | CS19: 10.6602 | CT19: 1.4285 | CU19: 0.5443 | CV19: =CS19/24 -> 0.444175 | CW19: =AJ19-CU19 -> 37.4957 | DA19: 9 | DB19: 9981 | DC19: 10.6689 | DD19: 1.4297 | DE19: 0.5447 | DF19: =DC19/24 -> 0.4445375 | DG19: =AJ19-DE19 -> 37.4953 | DK19: 9 | DL19: 9981 | DM19: 10.7696 | DN19: 1.4432 | DO19: 0.5498 | DP19: =DM19/24 -> 0.44873333 | DQ19: =AJ19-DO19 -> 37.4902 | DS19: =DM19-DC19 -> 0.1007 | DU19: 9 | DV19: 9981 | DW19: 10.8324 | DX19: 1.4516 | DY19: 0.5531 | DZ19: =DW19/24 -> 0.45135 | EA19: =AJ19-DY19 -> 37.4869 | EE19: 9 | EF19: 9981 | EG19: 10.9304 | EH19: 1.4647 | EI19: 0.5581 | EJ19: =EG19/24 -> 0.45543333 | EK19: =AJ19-EI19 -> 37.4819 | EM19: =EK19-EA19 -> -0.005 | EO19: 9 | EP19: 9981 | EQ19: 11.1253 | ER19: 1.4908 | ES19: 0.568 | ET19: =EQ19/24 -> 0.46355417 | EU19: =AJ19-ES19 -> 37.472 | EY19: 9 | EZ19: 9981 | FA19: 11.2172 | FB19: 1.5031 | FC19: 0.5727 | FD19: =FA19/24 -> 0.46738333 | FE19: =AJ19-FC19 -> 37.4673 | FG19: =FE19-EU19 -> -0.0047 | FI19: 9 | FJ19: 9981 | FK19: 11.3396 | FL19: 1.5196 | FM19: 0.5789 | FN19: =FK19/24 -> 0.47248333 | FO19: =AJ19-FM19 -> 37.4611 | FP19: =FO19-FE19 -> -0.0062 | FS19: 9 | FT19: 9981 | FU19: 11.3648 | FV19: 1.5229 | FW19: 0.5802 | FX19: =FU19/24 -> 0.47353333 | FY19: =AJ19-FW19 -> 37.4598 | FZ19: =FU19-FK19 -> 0.0252 | GC19: 9 | GD19: 9981 | GE19: 11.4271 | GF19: 1.5313 | GG19: 0.5834 | GH19: =GE19/24 -> 0.47612917 | GI19: =$AJ19-GG19 -> 37.4566 | GJ19: =GE19-FU19 -> 0.0623 | GM19: 9 | GN19: 9981 | GO19: 11.5591 | GP19: 1.549 | GQ19: 0.5902 | GR19: =GO19/24 -> 0.48162917 | GS19: =$AJ19-GQ19 -> 37.4498 | GT19: =GO19-GE19 -> 0.132 | GW19: 9 | GX19: 9981 | GY19: =VLOOKUP(GX19,Sheet3!$AJ$7:$AN$83,2,0) -> 11.7267 | GZ19: =VLOOKUP(GX19,Sheet3!$AJ$7:$AN$83,3,0) -> 1.5714 | HA19: =VLOOKUP(GX19,Sheet3!$AJ$7:$AN$83,4,0) -> 0.5987 | HB19: =GY19/24 -> 0.4886125 | HC19: =$AJ19-HA19 -> 37.4413 | HD19: =GY19-GO19 -> 0.1676 | HE19: =HA19-GQ19 -> 0.0085 | HH19: 9 | HI19: 9981 | HJ19: 11.7943 | HK19: 1.5805 | HL19: 0.6022 | HM19: =HJ19/24 -> 0.49142917 | HN19: =$AJ19-HL19 -> 37.4378 | HO19: =HJ19-GY19 -> 0.0676 | HR19: 9 | HS19: 9981 | HT19: 11.8384 | HU19: 1.5864 | HV19: 0.6044 | HW19: =HT19/24 -> 0.49326667 | HX19: =$AJ19-HV19 -> 37.4356 | HY19: =HT19-HJ19 -> 0.0441 | IB19: 9 | IC19: 9981 | ID19: 11.8575 | IE19: 1.589 | IF19: 0.6054 | IG19: =ID19/24 -> 0.4940625 | IH19: =$AJ19-IF19 -> 37.4346 | II19: =ID19-HT19 -> 0.0191 | IL19: 9 | IM19: 9981 | IN19: 11.9579 | IO19: 1.6024 | IP19: 0.6105 | IQ19: =IN19/24 -> 0.49824583 | IR19: =$AJ19-IP19 -> 37.4295 | IS19: =IN19-ID19 -> 0.1004 | IV19: 9 | IW19: 9981 | IX19: 12.0935 | IY19: 1.6206 | IZ19: 0.6174 | JA19: =IX19/24 -> 0.50389583 | JB19: =$AJ19-IZ19 -> 37.4226 | JC19: =IX19-IN19 -> 0.1356 | JF19: 9 | JG19: 9981 | JH19: 12.1366 | JI19: 1.6264 | JJ19: 0.6196 | JK19: =JH19/24 -> 0.50569167 | JL19: =$AJ19-JJ19 -> 37.4204 | JM19: =JH19-IX19 -> 0.0431 | JP19: 9 | JQ19: 9981 | JR19: 12.1713 | JS19: 1.631 | JT19: 0.6214 | JU19: =JR19/24 -> 0.5071375 | JV19: =$AJ19-JT19 -> 37.4186 | JW19: =JR19-JH19 -> 0.0347 | JZ19: 9 | KA19: 9981 | KB19: 12.2525 | KC19: 1.6419 | KD19: 0.6256 | KE19: =KB19/24 -> 0.51052083 | KF19: =$AJ19-KD19 -> 37.4144 | KG19: =KB19-JR19 -> 0.0812 | KJ19: 9 | KK19: 9981 | KL19: 12.2796 | KM19: 1.6455 | KN19: 0.6269 | KO19: =KL19/24 -> 0.51165 | KP19: =$AJ19-KN19 -> 37.4131 | KQ19: =KL19-KB19 -> 0.0271 | KT19: 9 | KU19: 9981 | KV19: 12.3081 | KW19: 1.6493 | KX19: 0.6284 | KY19: =KV19/24 -> 0.5128375 | KZ19: =$AJ19-KX19 -> 37.4116 | LA19: =KV19-KL19 -> 0.0285 | LD19: 9 | LE19: 9981 | LF19: 12.332 | LG19: 1.6525 | LH19: 0.6296 | LI19: =LF19/24 -> 0.51383333 | LJ19: =$AJ19-LH19 -> 37.4104 | LK19: =LF19-KV19 -> 0.0239 | LN19: 9 | LO19: 9981 | LP19: 12.3655 | LQ19: 1.657 | LR19: 0.6313 | LS19: =LP19/24 -> 0.51522917 | LT19: =$AJ19-LR19 -> 37.4087 | LU19: =LP19-LF19 -> 0.0335 | LX19: 9 | LY19: 9981 | LZ19: 12.4031 | MA19: 1.6621 | MB19: 0.6332 | MC19: =LZ19/24 -> 0.51679583 | MD19: =$AJ19-MB19 -> 37.4068 | ME19: =LZ19-LP19 -> 0.0376 | MH19: 9 | MI19: 9981 | MJ19: 12.4402 | MK19: 1.667 | ML19: 0.6351 | MM19: =MJ19/24 -> 0.51834167 | MN19: =$AJ19-ML19 -> 37.4049 | MO19: =MJ19-LZ19 -> 0.0371 | MR19: 9 | MS19: 9981 | MT19: 12.5109 | MU19: 1.6765 | MV19: 0.6388 | MW19: =MT19/24 -> 0.5212875 | MX19: =$AJ19-MV19 -> 37.4012 | MY19: =MT19-MJ19 -> 0.0707 | NB19: 9 | NC19: 9981 | ND19: 12.5832 | NE19: 1.6862 | NF19: 0.6424 | NG19: =ND19/24 -> 0.5243 | NH19: =$AJ19-NF19 -> 37.3976 | NI19: =ND19-MT19 -> 0.0723 | NL19: 9 | NM19: 9981 | NN19: 12.6045 | NO19: 1.6891 | NP19: 0.6435 | NQ19: =NN19/24 -> 0.5251875 | NR19: =$AJ19-NP19 -> 37.3965 | NS19: =NN19-ND19 -> 0.0213 | NV19: 9 | NW19: 9981 | NX19: 12.6382 | NY19: 1.6936 | NZ19: 0.6452 | OA19: =NX19/24 -> 0.52659167 | OB19: =$AJ19-NZ19 -> 37.3948 | OC19: =NX19-NN19 -> 0.0337 | OF19: 9 | OG19: 9981 | OH19: 12.6551 | OI19: 1.6958 | OJ19: 0.6461 | OK19: =OH19/24 -> 0.52729583 | OL19: =$AJ19-OJ19 -> 37.3939 | OM19: =OH19-NX19 -> 0.0169 | OP19: 9 | OQ19: 9981 | OR19: =VLOOKUP(OQ19,Sheet4!A17:F93,3,0) -> 12.6939 | OS19: =VLOOKUP(OQ19,Sheet4!A17:F93,4,0) -> 1.701 | OT19: =VLOOKUP(OQ19,Sheet4!A17:F93,5,0) -> 0.6481 | OU19: =OR19/24 -> 0.5289125 | OV19: =$AJ19-OT19 -> 37.3919 | OW19: =OR19-OH19 -> 0.0388
A20: 12 | B20: 9977 | C20: B | D20: 38.29 | J20: 9977 | K20: 9.4783 | L20: 1.2701 | M20: 0.4839 | N20: =K20/24 -> 0.39492917 | O20: =D20-M20 -> 37.8061 | R20: 9977 | S20: 9.565 | T20: 1.2817 | U20: 0.4883 | V20: =S20/24 -> 0.39854167 | W20: =D20-U20 -> 37.8017 | Z20: 9977 | AA20: 9.7781 | AB20: 1.3103 | AC20: 0.4992 | AD20: =AA20/24 -> 0.40742083 | AE20: =D20-AC20 -> 37.7908 | AG20: 12 | AH20: 9977 | AI20: B | AJ20: 38.29 | AL20: 9977 | AM20: 10.009 | AN20: 1.3412 | AO20: 0.511 | AP20: =AM20/24 -> 0.41704167 | AQ20: =AJ20-AO20 -> 37.779 | AU20: 9977 | AV20: 10.1072 | AW20: 1.3544 | AX20: 0.516 | AY20: =AV20/24 -> 0.42113333 | AZ20: =AJ20-AX20 -> 37.774 | BD20: 9977 | BE20: 10.1183 | BF20: 1.3559 | BG20: 0.5166 | BH20: =BE20/24 -> 0.42159583 | BI20: =AJ20-BG20 -> 37.7734 | BN20: 9977 | BO20: 10.1597 | BP20: 1.3614 | BQ20: 0.5187 | BR20: =BO20/24 -> 0.42332083 | BS20: =AJ20-BQ20 -> 37.7713 | BX20: 9977 | BY20: 10.2413 | BZ20: 1.3724 | CA20: 0.5229 | CB20: =BY20/24 -> 0.42672083 | CC20: =AJ20-CA20 -> 37.7671 | CG20: 10 | CH20: 9977 | CI20: 10.3115 | CJ20: 1.3818 | CK20: 0.5265 | CL20: =CI20/24 -> 0.42964583 | CM20: =AJ20-CK20 -> 37.7635 | CQ20: 10 | CR20: 9977 | CS20: 10.3997 | CT20: 1.3936 | CU20: 0.531 | CV20: =CS20/24 -> 0.43332083 | CW20: =AJ20-CU20 -> 37.759 | DA20: 10 | DB20: 9977 | DC20: 10.4084 | DD20: 1.3948 | DE20: 0.5314 | DF20: =DC20/24 -> 0.43368333 | DG20: =AJ20-DE20 -> 37.7586 | DK20: 10 | DL20: 9977 | DM20: 10.5091 | DN20: 1.4083 | DO20: 0.5365 | DP20: =DM20/24 -> 0.43787917 | DQ20: =AJ20-DO20 -> 37.7535 | DS20: =DM20-DC20 -> 0.1007 | DU20: 10 | DV20: 9977 | DW20: 10.5719 | DX20: 1.4167 | DY20: 0.5398 | DZ20: =DW20/24 -> 0.44049583 | EA20: =AJ20-DY20 -> 37.7502 | EE20: 10 | EF20: 9977 | EG20: 10.6699 | EH20: 1.4298 | EI20: 0.5448 | EJ20: =EG20/24 -> 0.44457917 | EK20: =AJ20-EI20 -> 37.7452 | EM20: =EK20-EA20 -> -0.005 | EO20: 10 | EP20: 9977 | EQ20: 10.8648 | ER20: 1.4559 | ES20: 0.5547 | ET20: =EQ20/24 -> 0.4527 | EU20: =AJ20-ES20 -> 37.7353 | EY20: 10 | EZ20: 9977 | FA20: 10.9567 | FB20: 1.4682 | FC20: 0.5594 | FD20: =FA20/24 -> 0.45652917 | FE20: =AJ20-FC20 -> 37.7306 | FG20: =FE20-EU20 -> -0.0047 | FI20: 10 | FJ20: 9977 | FK20: 11.0791 | FL20: 1.4846 | FM20: 0.5656 | FN20: =FK20/24 -> 0.46162917 | FO20: =AJ20-FM20 -> 37.7244 | FP20: =FO20-FE20 -> -0.0062 | FS20: 10 | FT20: 9977 | FU20: 11.1043 | FV20: 1.488 | FW20: 0.5669 | FX20: =FU20/24 -> 0.46267917 | FY20: =AJ20-FW20 -> 37.7231 | FZ20: =FU20-FK20 -> 0.0252 | GC20: 10 | GD20: 9977 | GE20: 11.1666 | GF20: 1.4964 | GG20: 0.5701 | GH20: =GE20/24 -> 0.465275 | GI20: =$AJ20-GG20 -> 37.7199 | GJ20: =GE20-FU20 -> 0.0623 | GM20: 10 | GN20: 9977 | GO20: 11.2986 | GP20: 1.5141 | GQ20: 0.5769 | GR20: =GO20/24 -> 0.470775 | GS20: =$AJ20-GQ20 -> 37.7131 | GT20: =GO20-GE20 -> 0.132 | GW20: 10 | GX20: 9977 | GY20: =VLOOKUP(GX20,Sheet3!$AJ$7:$AN$83,2,0) -> 11.4662 | GZ20: =VLOOKUP(GX20,Sheet3!$AJ$7:$AN$83,3,0) -> 1.5365 | HA20: =VLOOKUP(GX20,Sheet3!$AJ$7:$AN$83,4,0) -> 0.5854 | HB20: =GY20/24 -> 0.47775833 | HC20: =$AJ20-HA20 -> 37.7046 | HD20: =GY20-GO20 -> 0.1676 | HE20: =HA20-GQ20 -> 0.0085 | HH20: 10 | HI20: 9977 | HJ20: 11.5338 | HK20: 1.5456 | HL20: 0.5889 | HM20: =HJ20/24 -> 0.480575 | HN20: =$AJ20-HL20 -> 37.7011 | HO20: =HJ20-GY20 -> 0.0676 | HR20: 10 | HS20: 9977 | HT20: 11.5779 | HU20: 1.5515 | HV20: 0.5911 | HW20: =HT20/24 -> 0.4824125 | HX20: =$AJ20-HV20 -> 37.6989 | HY20: =HT20-HJ20 -> 0.0441 | IB20: 10 | IC20: 9977 | ID20: 11.597 | IE20: 1.554 | IF20: 0.5921 | IG20: =ID20/24 -> 0.48320833 | IH20: =$AJ20-IF20 -> 37.6979 | II20: =ID20-HT20 -> 0.0191 | IL20: 10 | IM20: 9977 | IN20: 11.6974 | IO20: 1.5675 | IP20: 0.5972 | IQ20: =IN20/24 -> 0.48739167 | IR20: =$AJ20-IP20 -> 37.6928 | IS20: =IN20-ID20 -> 0.1004 | IV20: 10 | IW20: 9977 | IX20: 11.833 | IY20: 1.5857 | IZ20: 0.6041 | JA20: =IX20/24 -> 0.49304167 | JB20: =$AJ20-IZ20 -> 37.6859 | JC20: =IX20-IN20 -> 0.1356 | JF20: 10 | JG20: 9977 | JH20: 11.8761 | JI20: 1.5914 | JJ20: 0.6063 | JK20: =JH20/24 -> 0.4948375 | JL20: =$AJ20-JJ20 -> 37.6837 | JM20: =JH20-IX20 -> 0.0431 | JP20: 10 | JQ20: 9977 | JR20: 11.9108 | JS20: 1.5961 | JT20: 0.6081 | JU20: =JR20/24 -> 0.49628333 | JV20: =$AJ20-JT20 -> 37.6819 | JW20: =JR20-JH20 -> 0.0347 | JZ20: 10 | KA20: 9977 | KB20: 11.992 | KC20: 1.607 | KD20: 0.6123 | KE20: =KB20/24 -> 0.49966667 | KF20: =$AJ20-KD20 -> 37.6777 | KG20: =KB20-JR20 -> 0.0812 | KJ20: 10 | KK20: 9977 | KL20: 12.0191 | KM20: 1.6106 | KN20: 0.6136 | KO20: =KL20/24 -> 0.50079583 | KP20: =$AJ20-KN20 -> 37.6764 | KQ20: =KL20-KB20 -> 0.0271 | KT20: 10 | KU20: 9977 | KV20: 12.0476 | KW20: 1.6144 | KX20: 0.6151 | KY20: =KV20/24 -> 0.50198333 | KZ20: =$AJ20-KX20 -> 37.6749 | LA20: =KV20-KL20 -> 0.0285 | LD20: 10 | LE20: 9977 | LF20: 12.0715 | LG20: 1.6176 | LH20: 0.6163 | LI20: =LF20/24 -> 0.50297917 | LJ20: =$AJ20-LH20 -> 37.6737 | LK20: =LF20-KV20 -> 0.0239 | LN20: 10 | LO20: 9977 | LP20: 12.105 | LQ20: 1.6221 | LR20: 0.618 | LS20: =LP20/24 -> 0.504375 | LT20: =$AJ20-LR20 -> 37.672 | LU20: =LP20-LF20 -> 0.0335 | LX20: 10 | LY20: 9977 | LZ20: 12.1426 | MA20: 1.6272 | MB20: 0.6199 | MC20: =LZ20/24 -> 0.50594167 | MD20: =$AJ20-MB20 -> 37.6701 | ME20: =LZ20-LP20 -> 0.0376 | MH20: 10 | MI20: 9977 | MJ20: 12.1797 | MK20: 1.6321 | ML20: 0.6218 | MM20: =MJ20/24 -> 0.5074875 | MN20: =$AJ20-ML20 -> 37.6682 | MO20: =MJ20-LZ20 -> 0.0371 | MR20: 10 | MS20: 9977 | MT20: 12.2504 | MU20: 1.6416 | MV20: 0.6255 | MW20: =MT20/24 -> 0.51043333 | MX20: =$AJ20-MV20 -> 37.6645 | MY20: =MT20-MJ20 -> 0.0707 | NB20: 10 | NC20: 9977 | ND20: 12.3227 | NE20: 1.6513 | NF20: 0.6291 | NG20: =ND20/24 -> 0.51344583 | NH20: =$AJ20-NF20 -> 37.6609 | NI20: =ND20-MT20 -> 0.0723 | NL20: 10 | NM20: 9977 | NN20: 12.344 | NO20: 1.6541 | NP20: 0.6302 | NQ20: =NN20/24 -> 0.51433333 | NR20: =$AJ20-NP20 -> 37.6598 | NS20: =NN20-ND20 -> 0.0213 | NV20: 10 | NW20: 9977 | NX20: 12.3777 | NY20: 1.6587 | NZ20: 0.6319 | OA20: =NX20/24 -> 0.5157375 | OB20: =$AJ20-NZ20 -> 37.6581 | OC20: =NX20-NN20 -> 0.0337 | OF20: 10 | OG20: 9977 | OH20: 12.3946 | OI20: 1.6609 | OJ20: 0.6328 | OK20: =OH20/24 -> 0.51644167 | OL20: =$AJ20-OJ20 -> 37.6572 | OM20: =OH20-NX20 -> 0.0169 | OP20: 10 | OQ20: 9977 | OR20: =VLOOKUP(OQ20,Sheet4!A18:F94,3,0) -> 12.4334 | OS20: =VLOOKUP(OQ20,Sheet4!A18:F94,4,0) -> 1.6661 | OT20: =VLOOKUP(OQ20,Sheet4!A18:F94,5,0) -> 0.6348 | OU20: =OR20/24 -> 0.51805833 | OV20: =$AJ20-OT20 -> 37.6552 | OW20: =OR20-OH20 -> 0.0388
A21: 13 | B21: 9975 | C21: B | D21: 38.17 | J21: 9975 | K21: 9.4783 | L21: 1.2701 | M21: 0.4839 | N21: =K21/24 -> 0.39492917 | O21: =D21-M21 -> 37.6861 | R21: 9975 | S21: 9.565 | T21: 1.2817 | U21: 0.4883 | V21: =S21/24 -> 0.39854167 | W21: =D21-U21 -> 37.6817 | Z21: 9975 | AA21: 9.7781 | AB21: 1.3103 | AC21: 0.4992 | AD21: =AA21/24 -> 0.40742083 | AE21: =D21-AC21 -> 37.6708 | AG21: 13 | AH21: 9975 | AI21: B | AJ21: 38.17 | AL21: 9975 | AM21: 10.009 | AN21: 1.3412 | AO21: 0.511 | AP21: =AM21/24 -> 0.41704167 | AQ21: =AJ21-AO21 -> 37.659 | AU21: 9975 | AV21: 10.1072 | AW21: 1.3544 | AX21: 0.516 | AY21: =AV21/24 -> 0.42113333 | AZ21: =AJ21-AX21 -> 37.654 | BD21: 9975 | BE21: 10.1183 | BF21: 1.3559 | BG21: 0.5166 | BH21: =BE21/24 -> 0.42159583 | BI21: =AJ21-BG21 -> 37.6534 | BN21: 9975 | BO21: 10.1597 | BP21: 1.3614 | BQ21: 0.5187 | BR21: =BO21/24 -> 0.42332083 | BS21: =AJ21-BQ21 -> 37.6513 | BX21: 9975 | BY21: 10.2413 | BZ21: 1.3724 | CA21: 0.5229 | CB21: =BY21/24 -> 0.42672083 | CC21: =AJ21-CA21 -> 37.6471 | CG21: 11 | CH21: 9975 | CI21: 10.3115 | CJ21: 1.3818 | CK21: 0.5265 | CL21: =CI21/24 -> 0.42964583 | CM21: =AJ21-CK21 -> 37.6435 | CQ21: 11 | CR21: 9975 | CS21: 10.3997 | CT21: 1.3936 | CU21: 0.531 | CV21: =CS21/24 -> 0.43332083 | CW21: =AJ21-CU21 -> 37.639 | DA21: 11 | DB21: 9975 | DC21: 10.4084 | DD21: 1.3948 | DE21: 0.5314 | DF21: =DC21/24 -> 0.43368333 | DG21: =AJ21-DE21 -> 37.6386 | DK21: 11 | DL21: 9975 | DM21: 10.5091 | DN21: 1.4083 | DO21: 0.5365 | DP21: =DM21/24 -> 0.43787917 | DQ21: =AJ21-DO21 -> 37.6335 | DS21: =DM21-DC21 -> 0.1007 | DU21: 11 | DV21: 9975 | DW21: 10.5719 | DX21: 1.4167 | DY21: 0.5398 | DZ21: =DW21/24 -> 0.44049583 | EA21: =AJ21-DY21 -> 37.6302 | EE21: 11 | EF21: 9975 | EG21: 10.6699 | EH21: 1.4298 | EI21: 0.5448 | EJ21: =EG21/24 -> 0.44457917 | EK21: =AJ21-EI21 -> 37.6252 | EM21: =EK21-EA21 -> -0.005 | EO21: 11 | EP21: 9975 | EQ21: 10.8648 | ER21: 1.4559 | ES21: 0.5547 | ET21: =EQ21/24 -> 0.4527 | EU21: =AJ21-ES21 -> 37.6153 | EY21: 11 | EZ21: 9975 | FA21: 10.9567 | FB21: 1.4682 | FC21: 0.5594 | FD21: =FA21/24 -> 0.45652917 | FE21: =AJ21-FC21 -> 37.6106 | FG21: =FE21-EU21 -> -0.0047 | FI21: 11 | FJ21: 9975 | FK21: 11.0791 | FL21: 1.4846 | FM21: 0.5656 | FN21: =FK21/24 -> 0.46162917 | FO21: =AJ21-FM21 -> 37.6044 | FP21: =FO21-FE21 -> -0.0062 | FS21: 11 | FT21: 9975 | FU21: 11.1043 | FV21: 1.488 | FW21: 0.5669 | FX21: =FU21/24 -> 0.46267917 | FY21: =AJ21-FW21 -> 37.6031 | FZ21: =FU21-FK21 -> 0.0252 | GC21: 11 | GD21: 9975 | GE21: 11.1666 | GF21: 1.4964 | GG21: 0.5701 | GH21: =GE21/24 -> 0.465275 | GI21: =$AJ21-GG21 -> 37.5999 | GJ21: =GE21-FU21 -> 0.0623 | GM21: 11 | GN21: 9975 | GO21: 11.2986 | GP21: 1.5141 | GQ21: 0.5769 | GR21: =GO21/24 -> 0.470775 | GS21: =$AJ21-GQ21 -> 37.5931 | GT21: =GO21-GE21 -> 0.132 | GW21: 11 | GX21: 9975 | GY21: =VLOOKUP(GX21,Sheet3!$AJ$7:$AN$83,2,0) -> 11.4662 | GZ21: =VLOOKUP(GX21,Sheet3!$AJ$7:$AN$83,3,0) -> 1.5365 | HA21: =VLOOKUP(GX21,Sheet3!$AJ$7:$AN$83,4,0) -> 0.5854 | HB21: =GY21/24 -> 0.47775833 | HC21: =$AJ21-HA21 -> 37.5846 | HD21: =GY21-GO21 -> 0.1676 | HE21: =HA21-GQ21 -> 0.0085 | HH21: 11 | HI21: 9975 | HJ21: 11.5338 | HK21: 1.5456 | HL21: 0.5889 | HM21: =HJ21/24 -> 0.480575 | HN21: =$AJ21-HL21 -> 37.5811 | HO21: =HJ21-GY21 -> 0.0676 | HR21: 11 | HS21: 9975 | HT21: 11.5779 | HU21: 1.5515 | HV21: 0.5911 | HW21: =HT21/24 -> 0.4824125 | HX21: =$AJ21-HV21 -> 37.5789 | HY21: =HT21-HJ21 -> 0.0441 | IB21: 11 | IC21: 9975 | ID21: 11.597 | IE21: 1.554 | IF21: 0.5921 | IG21: =ID21/24 -> 0.48320833 | IH21: =$AJ21-IF21 -> 37.5779 | II21: =ID21-HT21 -> 0.0191 | IL21: 11 | IM21: 9975 | IN21: 11.6974 | IO21: 1.5675 | IP21: 0.5972 | IQ21: =IN21/24 -> 0.48739167 | IR21: =$AJ21-IP21 -> 37.5728 | IS21: =IN21-ID21 -> 0.1004 | IV21: 11 | IW21: 9975 | IX21: 11.833 | IY21: 1.5857 | IZ21: 0.6041 | JA21: =IX21/24 -> 0.49304167 | JB21: =$AJ21-IZ21 -> 37.5659 | JC21: =IX21-IN21 -> 0.1356 | JF21: 11 | JG21: 9975 | JH21: 11.8761 | JI21: 1.5914 | JJ21: 0.6063 | JK21: =JH21/24 -> 0.4948375 | JL21: =$AJ21-JJ21 -> 37.5637 | JM21: =JH21-IX21 -> 0.0431 | JP21: 11 | JQ21: 9975 | JR21: 11.9108 | JS21: 1.5961 | JT21: 0.6081 | JU21: =JR21/24 -> 0.49628333 | JV21: =$AJ21-JT21 -> 37.5619 | JW21: =JR21-JH21 -> 0.0347 | JZ21: 11 | KA21: 9975 | KB21: 11.992 | KC21: 1.607 | KD21: 0.6123 | KE21: =KB21/24 -> 0.49966667 | KF21: =$AJ21-KD21 -> 37.5577 | KG21: =KB21-JR21 -> 0.0812 | KJ21: 11 | KK21: 9975 | KL21: 12.0191 | KM21: 1.6106 | KN21: 0.6136 | KO21: =KL21/24 -> 0.50079583 | KP21: =$AJ21-KN21 -> 37.5564 | KQ21: =KL21-KB21 -> 0.0271 | KT21: 11 | KU21: 9975 | KV21: 12.0476 | KW21: 1.6144 | KX21: 0.6151 | KY21: =KV21/24 -> 0.50198333 | KZ21: =$AJ21-KX21 -> 37.5549 | LA21: =KV21-KL21 -> 0.0285 | LD21: 11 | LE21: 9975 | LF21: 12.0715 | LG21: 1.6176 | LH21: 0.6163 | LI21: =LF21/24 -> 0.50297917 | LJ21: =$AJ21-LH21 -> 37.5537 | LK21: =LF21-KV21 -> 0.0239 | LN21: 11 | LO21: 9975 | LP21: 12.105 | LQ21: 1.6221 | LR21: 0.618 | LS21: =LP21/24 -> 0.504375 | LT21: =$AJ21-LR21 -> 37.552 | LU21: =LP21-LF21 -> 0.0335 | LX21: 11 | LY21: 9975 | LZ21: 12.1426 | MA21: 1.6272 | MB21: 0.6199 | MC21: =LZ21/24 -> 0.50594167 | MD21: =$AJ21-MB21 -> 37.5501 | ME21: =LZ21-LP21 -> 0.0376 | MH21: 11 | MI21: 9975 | MJ21: 12.1797 | MK21: 1.6321 | ML21: 0.6218 | MM21: =MJ21/24 -> 0.5074875 | MN21: =$AJ21-ML21 -> 37.5482 | MO21: =MJ21-LZ21 -> 0.0371 | MR21: 11 | MS21: 9975 | MT21: 12.2504 | MU21: 1.6416 | MV21: 0.6255 | MW21: =MT21/24 -> 0.51043333 | MX21: =$AJ21-MV21 -> 37.5445 | MY21: =MT21-MJ21 -> 0.0707 | NB21: 11 | NC21: 9975 | ND21: 12.3227 | NE21: 1.6513 | NF21: 0.6291 | NG21: =ND21/24 -> 0.51344583 | NH21: =$AJ21-NF21 -> 37.5409 | NI21: =ND21-MT21 -> 0.0723 | NL21: 11 | NM21: 9975 | NN21: 12.344 | NO21: 1.6541 | NP21: 0.6302 | NQ21: =NN21/24 -> 0.51433333 | NR21: =$AJ21-NP21 -> 37.5398 | NS21: =NN21-ND21 -> 0.0213 | NV21: 11 | NW21: 9975 | NX21: 12.3777 | NY21: 1.6587 | NZ21: 0.6319 | OA21: =NX21/24 -> 0.5157375 | OB21: =$AJ21-NZ21 -> 37.5381 | OC21: =NX21-NN21 -> 0.0337 | OF21: 11 | OG21: 9975 | OH21: 12.3946 | OI21: 1.6609 | OJ21: 0.6328 | OK21: =OH21/24 -> 0.51644167 | OL21: =$AJ21-OJ21 -> 37.5372 | OM21: =OH21-NX21 -> 0.0169 | OP21: 11 | OQ21: 9975 | OR21: =VLOOKUP(OQ21,Sheet4!A19:F95,3,0) -> 12.4334 | OS21: =VLOOKUP(OQ21,Sheet4!A19:F95,4,0) -> 1.6661 | OT21: =VLOOKUP(OQ21,Sheet4!A19:F95,5,0) -> 0.6348 | OU21: =OR21/24 -> 0.51805833 | OV21: =$AJ21-OT21 -> 37.5352 | OW21: =OR21-OH21 -> 0.0388
A22: 14 | B22: 9983 | C22: B | D22: 38.1 | J22: 9983 | K22: 10.0485 | L22: 1.3465 | M22: 0.513 | N22: =K22/24 -> 0.4186875 | O22: =D22-M22 -> 37.587 | R22: 9983 | S22: 10.1352 | T22: 1.3582 | U22: 0.5175 | V22: =S22/24 -> 0.4223 | W22: =D22-U22 -> 37.5825 | Z22: 9983 | AA22: 10.3483 | AB22: 1.3867 | AC22: 0.5283 | AD22: =AA22/24 -> 0.43117917 | AE22: =D22-AC22 -> 37.5717 | AG22: 14 | AH22: 9983 | AI22: B | AJ22: 38.1 | AL22: 9983 | AM22: 10.5792 | AN22: 1.4177 | AO22: 0.5401 | AP22: =AM22/24 -> 0.4408 | AQ22: =AJ22-AO22 -> 37.5599 | AU22: 9983 | AV22: 10.6774 | AW22: 1.4308 | AX22: 0.5451 | AY22: =AV22/24 -> 0.44489167 | AZ22: =AJ22-AX22 -> 37.5549 | BD22: 9983 | BE22: 10.6885 | BF22: 1.4323 | BG22: 0.5457 | BH22: =BE22/24 -> 0.44535417 | BI22: =AJ22-BG22 -> 37.5543 | BN22: 9983 | BO22: 10.7299 | BP22: 1.4378 | BQ22: 0.5478 | BR22: =BO22/24 -> 0.44707917 | BS22: =AJ22-BQ22 -> 37.5522 | BX22: 9983 | BY22: 10.8115 | BZ22: 1.4488 | CA22: 0.552 | CB22: =BY22/24 -> 0.45047917 | CC22: =AJ22-CA22 -> 37.548 | CG22: 12 | CH22: 9983 | CI22: 10.8817 | CJ22: 1.4582 | CK22: 0.5556 | CL22: =CI22/24 -> 0.45340417 | CM22: =AJ22-CK22 -> 37.5444 | CQ22: 12 | CR22: 9983 | CS22: 10.9699 | CT22: 1.47 | CU22: 0.5601 | CV22: 0.5601 | CW22: =AJ22-CU22 -> 37.5399 | DA22: 12 | DB22: 9983 | DC22: 10.9786 | DD22: 1.4712 | DE22: 0.5605 | DF22: 0.5601 | DG22: =AJ22-DE22 -> 37.5395 | DK22: 12 | DL22: 9983 | DM22: 11.0793 | DN22: 1.4847 | DO22: 0.5657 | DP22: =DM22/24 -> 0.4616375 | DQ22: =AJ22-DO22 -> 37.5343 | DS22: =DM22-DC22 -> 0.1007 | DU22: 12 | DV22: 9983 | DW22: 11.1421 | DX22: 1.4931 | DY22: 0.5689 | DZ22: =DW22/24 -> 0.46425417 | EA22: =AJ22-DY22 -> 37.5311 | EE22: 12 | EF22: 9983 | EG22: 11.2401 | EH22: 1.5062 | EI22: 0.5739 | EJ22: =EG22/24 -> 0.4683375 | EK22: =AJ22-EI22 -> 37.5261 | EM22: =EK22-EA22 -> -0.005 | EO22: 12 | EP22: 9983 | EQ22: 11.435 | ER22: 1.5323 | ES22: 0.5838 | ET22: =EQ22/24 -> 0.47645833 | EU22: =AJ22-ES22 -> 37.5162 | EY22: 12 | EZ22: 9983 | FA22: 11.5269 | FB22: 1.5446 | FC22: 0.5885 | FD22: =FA22/24 -> 0.4802875 | FE22: =AJ22-FC22 -> 37.5115 | FG22: =FE22-EU22 -> -0.0047 | FI22: 12 | FJ22: 9983 | FK22: 11.6493 | FL22: 1.5611 | FM22: 0.5948 | FN22: =FK22/24 -> 0.4853875 | FO22: =AJ22-FM22 -> 37.5052 | FP22: =FO22-FE22 -> -0.0063 | FS22: 12 | FT22: 9983 | FU22: 11.6745 | FV22: 1.5644 | FW22: 0.596 | FX22: =FU22/24 -> 0.4864375 | FY22: =AJ22-FW22 -> 37.504 | FZ22: =FU22-FK22 -> 0.0252 | GC22: 12 | GD22: 9983 | GE22: 11.7368 | GF22: 1.5728 | GG22: 0.5992 | GH22: =GE22/24 -> 0.48903333 | GI22: =$AJ22-GG22 -> 37.5008 | GJ22: =GE22-FU22 -> 0.0623 | GM22: 12 | GN22: 9983 | GO22: 11.8688 | GP22: 1.5905 | GQ22: 0.606 | GR22: =GO22/24 -> 0.49453333 | GS22: =$AJ22-GQ22 -> 37.494 | GT22: =GO22-GE22 -> 0.132 | GW22: 12 | GX22: 9983 | GY22: =VLOOKUP(GX22,Sheet3!$AJ$7:$AN$83,2,0) -> 12.0364 | GZ22: =VLOOKUP(GX22,Sheet3!$AJ$7:$AN$83,3,0) -> 1.6129 | HA22: =VLOOKUP(GX22,Sheet3!$AJ$7:$AN$83,4,0) -> 0.6145 | HB22: =GY22/24 -> 0.50151667 | HC22: =$AJ22-HA22 -> 37.4855 | HD22: =GY22-GO22 -> 0.1676 | HE22: =HA22-GQ22 -> 0.0085 | HH22: 12 | HI22: 9983 | HJ22: 12.104 | HK22: 1.622 | HL22: 0.618 | HM22: =HJ22/24 -> 0.50433333 | HN22: =$AJ22-HL22 -> 37.482 | HO22: =HJ22-GY22 -> 0.0676 | HR22: 12 | HS22: 9983 | HT22: 12.1481 | HU22: 1.6279 | HV22: 0.6202 | HW22: =HT22/24 -> 0.50617083 | HX22: =$AJ22-HV22 -> 37.4798 | HY22: =HT22-HJ22 -> 0.0441 | IB22: 12 | IC22: 9983 | ID22: 12.1672 | IE22: 1.6305 | IF22: 0.6212 | IG22: =ID22/24 -> 0.50696667 | IH22: =$AJ22-IF22 -> 37.4788 | II22: =ID22-HT22 -> 0.0191 | IL22: 12 | IM22: 9983 | IN22: 12.2676 | IO22: 1.6439 | IP22: 0.6263 | IQ22: =IN22/24 -> 0.51115 | IR22: =$AJ22-IP22 -> 37.4737 | IS22: =IN22-ID22 -> 0.1004 | IV22: 12 | IW22: 9983 | IX22: 12.4032 | IY22: 1.6621 | IZ22: 0.6333 | JA22: =IX22/24 -> 0.5168 | JB22: =$AJ22-IZ22 -> 37.4667 | JC22: =IX22-IN22 -> 0.1356 | JF22: 12 | JG22: 9983 | JH22: 12.4463 | JI22: 1.6679 | JJ22: 0.6355 | JK22: =JH22/24 -> 0.51859583 | JL22: =$AJ22-JJ22 -> 37.4645 | JM22: =JH22-IX22 -> 0.0431 | JP22: 12 | JQ22: 9983 | JR22: 12.481 | JS22: 1.6725 | JT22: 0.6372 | JU22: =JR22/24 -> 0.52004167 | JV22: =$AJ22-JT22 -> 37.4628 | JW22: =JR22-JH22 -> 0.0347 | JZ22: 12 | KA22: 9983 | KB22: 12.5622 | KC22: 1.6834 | KD22: 0.6414 | KE22: =KB22/24 -> 0.523425 | KF22: =$AJ22-KD22 -> 37.4586 | KG22: =KB22-JR22 -> 0.0812 | KJ22: 12 | KK22: 9983 | KL22: 12.5893 | KM22: 1.687 | KN22: 0.6428 | KO22: =KL22/24 -> 0.52455417 | KP22: =$AJ22-KN22 -> 37.4572 | KQ22: =KL22-KB22 -> 0.0271 | KT22: 12 | KU22: 9983 | KV22: 12.6178 | KW22: 1.6908 | KX22: 0.6442 | KY22: =KV22/24 -> 0.52574167 | KZ22: =$AJ22-KX22 -> 37.4558 | LA22: =KV22-KL22 -> 0.0285 | LD22: 12 | LE22: 9983 | LF22: 12.6417 | LG22: 1.694 | LH22: 0.6454 | LI22: =LF22/24 -> 0.5267375 | LJ22: =$AJ22-LH22 -> 37.4546 | LK22: =LF22-KV22 -> 0.0239 | LN22: 12 | LO22: 9983 | LP22: 12.6752 | LQ22: 1.6985 | LR22: 0.6471 | LS22: =LP22/24 -> 0.52813333 | LT22: =$AJ22-LR22 -> 37.4529 | LU22: =LP22-LF22 -> 0.0335 | LX22: 12 | LY22: 9983 | LZ22: 12.7128 | MA22: 1.7036 | MB22: 0.6491 | MC22: =LZ22/24 -> 0.5297 | MD22: =$AJ22-MB22 -> 37.4509 | ME22: =LZ22-LP22 -> 0.0376 | MH22: 12 | MI22: 9983 | MJ22: 12.7499 | MK22: 1.7085 | ML22: 0.651 | MM22: =MJ22/24 -> 0.53124583 | MN22: =$AJ22-ML22 -> 37.449 | MO22: =MJ22-LZ22 -> 0.0371 | MR22: 12 | MS22: 9983 | MT22: 12.8206 | MU22: 1.718 | MV22: 0.6546 | MW22: =MT22/24 -> 0.53419167 | MX22: =$AJ22-MV22 -> 37.4454 | MY22: =MT22-MJ22 -> 0.0707 | NB22: 12 | NC22: 9983 | ND22: 12.8929 | NE22: 1.7277 | NF22: 0.6583 | NG22: =ND22/24 -> 0.53720417 | NH22: =$AJ22-NF22 -> 37.4417 | NI22: =ND22-MT22 -> 0.0723 | NL22: 12 | NM22: 9983 | NN22: 12.9142 | NO22: 1.7306 | NP22: 0.6593 | NQ22: =NN22/24 -> 0.53809167 | NR22: =$AJ22-NP22 -> 37.4407 | NS22: =NN22-ND22 -> 0.0213 | NV22: 12 | NW22: 9983 | NX22: 12.9479 | NY22: 1.7351 | NZ22: 0.6611 | OA22: =NX22/24 -> 0.53949583 | OB22: =$AJ22-NZ22 -> 37.4389 | OC22: =NX22-NN22 -> 0.0337 | OF22: 12 | OG22: 9983 | OH22: 12.9648 | OI22: 1.7373 | OJ22: 0.6619 | OK22: =OH22/24 -> 0.5402 | OL22: =$AJ22-OJ22 -> 37.4381 | OM22: =OH22-NX22 -> 0.0169 | OP22: 12 | OQ22: 9983 | OR22: =VLOOKUP(OQ22,Sheet4!A20:F96,3,0) -> 13.0036 | OS22: =VLOOKUP(OQ22,Sheet4!A20:F96,4,0) -> 1.7425 | OT22: =VLOOKUP(OQ22,Sheet4!A20:F96,5,0) -> 0.6639 | OU22: =OR22/24 -> 0.54181667 | OV22: =$AJ22-OT22 -> 37.4361 | OW22: =OR22-OH22 -> 0.0388
A23: 15 | B23: 9986 | C23: B | D23: 37.99 | J23: 9986 | K23: 9.2793 | L23: 1.2435 | M23: 0.4738 | N23: =K23/24 -> 0.3866375 | O23: =D23-M23 -> 37.5162 | R23: 9986 | S23: 9.366 | T23: 1.2551 | U23: 0.4782 | V23: =S23/24 -> 0.39025 | W23: =D23-U23 -> 37.5118 | Z23: 9986 | AA23: 9.5791 | AB23: 1.2836 | AC23: 0.4891 | AD23: =AA23/24 -> 0.39912917 | AE23: =D23-AC23 -> 37.5009 | AG23: 15 | AH23: 9986 | AI23: B | AJ23: 37.99 | AL23: 9986 | AM23: 9.81 | AN23: 1.3146 | AO23: 0.5009 | AP23: =AM23/24 -> 0.40875 | AQ23: =AJ23-AO23 -> 37.4891 | AU23: 9986 | AV23: 9.9082 | AW23: 1.3277 | AX23: 0.5059 | AY23: =AV23/24 -> 0.41284167 | AZ23: =AJ23-AX23 -> 37.4841 | BD23: 9986 | BE23: 9.9193 | BF23: 1.3292 | BG23: 0.5064 | BH23: =BE23/24 -> 0.41330417 | BI23: =AJ23-BG23 -> 37.4836 | BN23: 9986 | BO23: 9.9607 | BP23: 1.3348 | BQ23: 0.5085 | BR23: =BO23/24 -> 0.41502917 | BS23: =AJ23-BQ23 -> 37.4815 | BX23: 9986 | BY23: 10.0423 | BZ23: 1.3457 | CA23: 0.5127 | CB23: =BY23/24 -> 0.41842917 | CC23: =AJ23-CA23 -> 37.4773 | CG23: 13 | CH23: 9986 | CI23: 10.1125 | CJ23: 1.3551 | CK23: 0.5163 | CL23: =CI23/24 -> 0.42135417 | CM23: =AJ23-CK23 -> 37.4737 | CQ23: 13 | CR23: 9986 | CS23: 10.2007 | CT23: 1.3669 | CU23: 0.5208 | CV23: =CS23/24 -> 0.42502917 | CW23: =AJ23-CU23 -> 37.4692 | DA23: 13 | DB23: 9986 | DC23: 10.2094 | DD23: 1.3681 | DE23: 0.5212 | DF23: =DC23/24 -> 0.42539167 | DG23: =AJ23-DE23 -> 37.4688 | DK23: 13 | DL23: 9986 | DM23: 10.3101 | DN23: 1.3816 | DO23: 0.5264 | DP23: =DM23/24 -> 0.4295875 | DQ23: =AJ23-DO23 -> 37.4636 | DS23: =DM23-DC23 -> 0.1007 | DU23: 13 | DV23: 9986 | DW23: 10.3729 | DX23: 1.39 | DY23: 0.5296 | DZ23: =DW23/24 -> 0.43220417 | EA23: =AJ23-DY23 -> 37.4604 | EE23: 13 | EF23: 9986 | EG23: 10.4709 | EH23: 1.4031 | EI23: 0.5346 | EJ23: =EG23/24 -> 0.4362875 | EK23: =AJ23-EI23 -> 37.4554 | EM23: =EK23-EA23 -> -0.005 | EO23: 13 | EP23: 9986 | EQ23: 10.6658 | ER23: 1.4293 | ES23: 0.5445 | ET23: =EQ23/24 -> 0.44440833 | EU23: =AJ23-ES23 -> 37.4455 | EY23: 13 | EZ23: 9986 | FA23: 10.7577 | FB23: 1.4416 | FC23: 0.5492 | FD23: =FA23/24 -> 0.4482375 | FE23: =AJ23-FC23 -> 37.4408 | FG23: =FE23-EU23 -> -0.0047 | FI23: 13 | FJ23: 9986 | FK23: 10.8801 | FL23: 1.458 | FM23: 0.5555 | FN23: =FK23/24 -> 0.4533375 | FO23: =AJ23-FM23 -> 37.4345 | FP23: =FO23-FE23 -> -0.0063 | FS23: 13 | FT23: 9986 | FU23: 10.9053 | FV23: 1.4614 | FW23: 0.5568 | FX23: =FU23/24 -> 0.4543875 | FY23: =AJ23-FW23 -> 37.4332 | FZ23: =FU23-FK23 -> 0.0252 | GC23: 13 | GD23: 9986 | GE23: 10.9676 | GF23: 1.4697 | GG23: 0.56 | GH23: =GE23/24 -> 0.45698333 | GI23: =$AJ23-GG23 -> 37.43 | GJ23: =GE23-FU23 -> 0.0623 | GM23: 13 | GN23: 9986 | GO23: 11.0996 | GP23: 1.4874 | GQ23: 0.5667 | GR23: =GO23/24 -> 0.46248333 | GS23: =$AJ23-GQ23 -> 37.4233 | GT23: =GO23-GE23 -> 0.132 | GW23: 13 | GX23: 9986 | GY23: =VLOOKUP(GX23,Sheet3!$AJ$7:$AN$83,2,0) -> 11.2672 | GZ23: =VLOOKUP(GX23,Sheet3!$AJ$7:$AN$83,3,0) -> 1.5098 | HA23: =VLOOKUP(GX23,Sheet3!$AJ$7:$AN$83,4,0) -> 0.5753 | HB23: =GY23/24 -> 0.46946667 | HC23: =$AJ23-HA23 -> 37.4147 | HD23: =GY23-GO23 -> 0.1676 | HE23: =HA23-GQ23 -> 0.0086 | HH23: 13 | HI23: 9986 | HJ23: 11.3348 | HK23: 1.5189 | HL23: 0.5787 | HM23: =HJ23/24 -> 0.47228333 | HN23: =$AJ23-HL23 -> 37.4113 | HO23: =HJ23-GY23 -> 0.0676 | HR23: 13 | HS23: 9986 | HT23: 11.3789 | HU23: 1.5248 | HV23: 0.581 | HW23: =HT23/24 -> 0.47412083 | HX23: =$AJ23-HV23 -> 37.409 | HY23: =HT23-HJ23 -> 0.0441 | IB23: 13 | IC23: 9986 | ID23: 11.398 | IE23: 1.5274 | IF23: 0.5819 | IG23: =ID23/24 -> 0.47491667 | IH23: =$AJ23-IF23 -> 37.4081 | II23: =ID23-HT23 -> 0.0191 | IL23: 13 | IM23: 9986 | IN23: 11.4984 | IO23: 1.5408 | IP23: 0.5871 | IQ23: =IN23/24 -> 0.4791 | IR23: =$AJ23-IP23 -> 37.4029 | IS23: =IN23-ID23 -> 0.1004 | IV23: 13 | IW23: 9986 | IX23: 11.634 | IY23: 1.559 | IZ23: 0.594 | JA23: =IX23/24 -> 0.48475 | JB23: =$AJ23-IZ23 -> 37.396 | JC23: =IX23-IN23 -> 0.1356 | JF23: 13 | JG23: 9986 | JH23: 11.6771 | JI23: 1.5648 | JJ23: 0.5962 | JK23: =JH23/24 -> 0.48654583 | JL23: =$AJ23-JJ23 -> 37.3938 | JM23: =JH23-IX23 -> 0.0431 | JP23: 13 | JQ23: 9986 | JR23: 11.7118 | JS23: 1.5694 | JT23: 0.598 | JU23: =JR23/24 -> 0.48799167 | JV23: =$AJ23-JT23 -> 37.392 | JW23: =JR23-JH23 -> 0.0347 | JZ23: 13 | KA23: 9986 | KB23: 11.793 | KC23: 1.5803 | KD23: 0.6021 | KE23: =KB23/24 -> 0.491375 | KF23: =$AJ23-KD23 -> 37.3879 | KG23: =KB23-JR23 -> 0.0812 | KJ23: 13 | KK23: 9986 | KL23: 11.8201 | KM23: 1.5839 | KN23: 0.6035 | KO23: =KL23/24 -> 0.49250417 | KP23: =$AJ23-KN23 -> 37.3865 | KQ23: =KL23-KB23 -> 0.0271 | KT23: 13 | KU23: 9986 | KV23: 11.8486 | KW23: 1.5878 | KX23: 0.6049 | KY23: =KV23/24 -> 0.49369167 | KZ23: =$AJ23-KX23 -> 37.3851 | LA23: =KV23-KL23 -> 0.0285 | LD23: 13 | LE23: 9986 | LF23: 11.8725 | LG23: 1.591 | LH23: 0.6062 | LI23: =LF23/24 -> 0.4946875 | LJ23: =$AJ23-LH23 -> 37.3838 | LK23: =LF23-KV23 -> 0.0239 | LN23: 13 | LO23: 9986 | LP23: 11.906 | LQ23: 1.5955 | LR23: 0.6079 | LS23: =LP23/24 -> 0.49608333 | LT23: =$AJ23-LR23 -> 37.3821 | LU23: =LP23-LF23 -> 0.0335 | LX23: 13 | LY23: 9986 | LZ23: 11.9436 | MA23: 1.6005 | MB23: 0.6098 | MC23: =LZ23/24 -> 0.49765 | MD23: =$AJ23-MB23 -> 37.3802 | ME23: =LZ23-LP23 -> 0.0376 | MH23: 13 | MI23: 9986 | MJ23: 11.9807 | MK23: 1.6055 | ML23: 0.6117 | MM23: =MJ23/24 -> 0.49919583 | MN23: =$AJ23-ML23 -> 37.3783 | MO23: =MJ23-LZ23 -> 0.0371 | MR23: 13 | MS23: 9986 | MT23: 12.0514 | MU23: 1.6149 | MV23: 0.6153 | MW23: =MT23/24 -> 0.50214167 | MX23: =$AJ23-MV23 -> 37.3747 | MY23: =MT23-MJ23 -> 0.0707 | NB23: 13 | NC23: 9986 | ND23: 12.1237 | NE23: 1.6246 | NF23: 0.619 | NG23: =ND23/24 -> 0.50515417 | NH23: =$AJ23-NF23 -> 37.371 | NI23: =ND23-MT23 -> 0.0723 | NL23: 13 | NM23: 9986 | NN23: 12.145 | NO23: 1.6275 | NP23: 0.6201 | NQ23: =NN23/24 -> 0.50604167 | NR23: =$AJ23-NP23 -> 37.3699 | NS23: =NN23-ND23 -> 0.0213 | NV23: 13 | NW23: 9986 | NX23: 12.1787 | NY23: 1.632 | NZ23: 0.6218 | OA23: =NX23/24 -> 0.50744583 | OB23: =$AJ23-NZ23 -> 37.3682 | OC23: =NX23-NN23 -> 0.0337 | OF23: 13 | OG23: 9986 | OH23: 12.1956 | OI23: 1.6343 | OJ23: 0.6227 | OK23: =OH23/24 -> 0.50815 | OL23: =$AJ23-OJ23 -> 37.3673 | OM23: =OH23-NX23 -> 0.0169 | OP23: 13 | OQ23: 9986 | OR23: =VLOOKUP(OQ23,Sheet4!A21:F97,3,0) -> 12.2344 | OS23: =VLOOKUP(OQ23,Sheet4!A21:F97,4,0) -> 1.6395 | OT23: =VLOOKUP(OQ23,Sheet4!A21:F97,5,0) -> 0.6246 | OU23: =OR23/24 -> 0.50976667 | OV23: =$AJ23-OT23 -> 37.3654 | OW23: =OR23-OH23 -> 0.0388
A24: 16 | B24: 9976 | C24: B | D24: 38.18 | J24: 9976 | K24: 9.4783 | L24: 1.2701 | M24: 0.4839 | N24: =K24/24 -> 0.39492917 | O24: =D24-M24 -> 37.6961 | R24: 9976 | S24: 9.565 | T24: 1.2817 | U24: 0.4883 | V24: =S24/24 -> 0.39854167 | W24: =D24-U24 -> 37.6917 | Z24: 9976 | AA24: 9.7781 | AB24: 1.3103 | AC24: 0.4992 | AD24: =AA24/24 -> 0.40742083 | AE24: =D24-AC24 -> 37.6808 | AG24: 16 | AH24: 9976 | AI24: B | AJ24: 38.18 | AL24: 9976 | AM24: 10.009 | AN24: 1.3412 | AO24: 0.511 | AP24: =AM24/24 -> 0.41704167 | AQ24: =AJ24-AO24 -> 37.669 | AU24: 9976 | AV24: 10.1072 | AW24: 1.3544 | AX24: 0.516 | AY24: =AV24/24 -> 0.42113333 | AZ24: =AJ24-AX24 -> 37.664 | BD24: 9976 | BE24: 10.1183 | BF24: 1.3559 | BG24: 0.5166 | BH24: =BE24/24 -> 0.42159583 | BI24: =AJ24-BG24 -> 37.6634 | BN24: 9976 | BO24: 10.1597 | BP24: 1.3614 | BQ24: 0.5187 | BR24: =BO24/24 -> 0.42332083 | BS24: =AJ24-BQ24 -> 37.6613 | BX24: 9976 | BY24: 10.2413 | BZ24: 1.3724 | CA24: 0.5229 | CB24: =BY24/24 -> 0.42672083 | CC24: =AJ24-CA24 -> 37.6571 | CG24: 14 | CH24: 9976 | CI24: 10.3115 | CJ24: 1.3818 | CK24: 0.5265 | CL24: =CI24/24 -> 0.42964583 | CM24: =AJ24-CK24 -> 37.6535 | CQ24: 14 | CR24: 9976 | CS24: 10.3997 | CT24: 1.3936 | CU24: 0.531 | CV24: =CS24/24 -> 0.43332083 | CW24: =AJ24-CU24 -> 37.649 | DA24: 14 | DB24: 9976 | DC24: 10.4084 | DD24: 1.3948 | DE24: 0.5314 | DF24: =DC24/24 -> 0.43368333 | DG24: =AJ24-DE24 -> 37.6486 | DK24: 14 | DL24: 9976 | DM24: 10.5091 | DN24: 1.4083 | DO24: 0.5365 | DP24: =DM24/24 -> 0.43787917 | DQ24: =AJ24-DO24 -> 37.6435 | DS24: =DM24-DC24 -> 0.1007 | DU24: 14 | DV24: 9976 | DW24: 10.5719 | DX24: 1.4167 | DY24: 0.5398 | DZ24: =DW24/24 -> 0.44049583 | EA24: =AJ24-DY24 -> 37.6402 | EE24: 14 | EF24: 9976 | EG24: 10.6699 | EH24: 1.4298 | EI24: 0.5448 | EJ24: =EG24/24 -> 0.44457917 | EK24: =AJ24-EI24 -> 37.6352 | EM24: =EK24-EA24 -> -0.005 | EO24: 14 | EP24: 9976 | EQ24: 10.8648 | ER24: 1.4559 | ES24: 0.5547 | ET24: =EQ24/24 -> 0.4527 | EU24: =AJ24-ES24 -> 37.6253 | EY24: 14 | EZ24: 9976 | FA24: 10.9567 | FB24: 1.4682 | FC24: 0.5594 | FD24: =FA24/24 -> 0.45652917 | FE24: =AJ24-FC24 -> 37.6206 | FG24: =FE24-EU24 -> -0.0047 | FI24: 14 | FJ24: 9976 | FK24: 11.0791 | FL24: 1.4846 | FM24: 0.5656 | FN24: =FK24/24 -> 0.46162917 | FO24: =AJ24-FM24 -> 37.6144 | FP24: =FO24-FE24 -> -0.0062 | FS24: 14 | FT24: 9976 | FU24: 11.1043 | FV24: 1.488 | FW24: 0.5669 | FX24: =FU24/24 -> 0.46267917 | FY24: =AJ24-FW24 -> 37.6131 | FZ24: =FU24-FK24 -> 0.0252 | GC24: 14 | GD24: 9976 | GE24: 11.1666 | GF24: 1.4964 | GG24: 0.5701 | GH24: =GE24/24 -> 0.465275 | GI24: =$AJ24-GG24 -> 37.6099 | GJ24: =GE24-FU24 -> 0.0623 | GM24: 14 | GN24: 9976 | GO24: 11.2986 | GP24: 1.5141 | GQ24: 0.5769 | GR24: =GO24/24 -> 0.470775 | GS24: =$AJ24-GQ24 -> 37.6031 | GT24: =GO24-GE24 -> 0.132 | GW24: 14 | GX24: 9976 | GY24: =VLOOKUP(GX24,Sheet3!$AJ$7:$AN$83,2,0) -> 11.4662 | GZ24: =VLOOKUP(GX24,Sheet3!$AJ$7:$AN$83,3,0) -> 1.5365 | HA24: =VLOOKUP(GX24,Sheet3!$AJ$7:$AN$83,4,0) -> 0.5854 | HB24: =GY24/24 -> 0.47775833 | HC24: =$AJ24-HA24 -> 37.5946 | HD24: =GY24-GO24 -> 0.1676 | HE24: =HA24-GQ24 -> 0.0085 | HH24: 14 | HI24: 9976 | HJ24: 11.5338 | HK24: 1.5456 | HL24: 0.5889 | HM24: =HJ24/24 -> 0.480575 | HN24: =$AJ24-HL24 -> 37.5911 | HO24: =HJ24-GY24 -> 0.0676 | HR24: 14 | HS24: 9976 | HT24: 11.5779 | HU24: 1.5515 | HV24: 0.5911 | HW24: =HT24/24 -> 0.4824125 | HX24: =$AJ24-HV24 -> 37.5889 | HY24: =HT24-HJ24 -> 0.0441 | IB24: 14 | IC24: 9976 | ID24: 11.597 | IE24: 1.554 | IF24: 0.5921 | IG24: =ID24/24 -> 0.48320833 | IH24: =$AJ24-IF24 -> 37.5879 | II24: =ID24-HT24 -> 0.0191 | IL24: 14 | IM24: 9976 | IN24: 11.6974 | IO24: 1.5675 | IP24: 0.5972 | IQ24: =IN24/24 -> 0.48739167 | IR24: =$AJ24-IP24 -> 37.5828 | IS24: =IN24-ID24 -> 0.1004 | IV24: 14 | IW24: 9976 | IX24: 11.833 | IY24: 1.5857 | IZ24: 0.6041 | JA24: =IX24/24 -> 0.49304167 | JB24: =$AJ24-IZ24 -> 37.5759 | JC24: =IX24-IN24 -> 0.1356 | JF24: 14 | JG24: 9976 | JH24: 11.8761 | JI24: 1.5914 | JJ24: 0.6063 | JK24: =JH24/24 -> 0.4948375 | JL24: =$AJ24-JJ24 -> 37.5737 | JM24: =JH24-IX24 -> 0.0431 | JP24: 14 | JQ24: 9976 | JR24: 11.9108 | JS24: 1.5961 | JT24: 0.6081 | JU24: =JR24/24 -> 0.49628333 | JV24: =$AJ24-JT24 -> 37.5719 | JW24: =JR24-JH24 -> 0.0347 | JZ24: 14 | KA24: 9976 | KB24: 11.992 | KC24: 1.607 | KD24: 0.6123 | KE24: =KB24/24 -> 0.49966667 | KF24: =$AJ24-KD24 -> 37.5677 | KG24: =KB24-JR24 -> 0.0812 | KJ24: 14 | KK24: 9976 | KL24: 12.0191 | KM24: 1.6106 | KN24: 0.6136 | KO24: =KL24/24 -> 0.50079583 | KP24: =$AJ24-KN24 -> 37.5664 | KQ24: =KL24-KB24 -> 0.0271 | KT24: 14 | KU24: 9976 | KV24: 12.0476 | KW24: 1.6144 | KX24: 0.6151 | KY24: =KV24/24 -> 0.50198333 | KZ24: =$AJ24-KX24 -> 37.5649 | LA24: =KV24-KL24 -> 0.0285 | LD24: 14 | LE24: 9976 | LF24: 12.0715 | LG24: 1.6176 | LH24: 0.6163 | LI24: =LF24/24 -> 0.50297917 | LJ24: =$AJ24-LH24 -> 37.5637 | LK24: =LF24-KV24 -> 0.0239 | LN24: 14 | LO24: 9976 | LP24: 12.105 | LQ24: 1.6221 | LR24: 0.618 | LS24: =LP24/24 -> 0.504375 | LT24: =$AJ24-LR24 -> 37.562 | LU24: =LP24-LF24 -> 0.0335 | LX24: 14 | LY24: 9976 | LZ24: 12.1426 | MA24: 1.6272 | MB24: 0.6199 | MC24: =LZ24/24 -> 0.50594167 | MD24: =$AJ24-MB24 -> 37.5601 | ME24: =LZ24-LP24 -> 0.0376 | MH24: 14 | MI24: 9976 | MJ24: 12.1797 | MK24: 1.6321 | ML24: 0.6218 | MM24: =MJ24/24 -> 0.5074875 | MN24: =$AJ24-ML24 -> 37.5582 | MO24: =MJ24-LZ24 -> 0.0371 | MR24: 14 | MS24: 9976 | MT24: 12.2504 | MU24: 1.6416 | MV24: 0.6255 | MW24: =MT24/24 -> 0.51043333 | MX24: =$AJ24-MV24 -> 37.5545 | MY24: =MT24-MJ24 -> 0.0707 | NB24: 14 | NC24: 9976 | ND24: 12.3227 | NE24: 1.6513 | NF24: 0.6291 | NG24: =ND24/24 -> 0.51344583 | NH24: =$AJ24-NF24 -> 37.5509 | NI24: =ND24-MT24 -> 0.0723 | NL24: 14 | NM24: 9976 | NN24: 12.344 | NO24: 1.6541 | NP24: 0.6302 | NQ24: =NN24/24 -> 0.51433333 | NR24: =$AJ24-NP24 -> 37.5498 | NS24: =NN24-ND24 -> 0.0213 | NV24: 14 | NW24: 9976 | NX24: 12.3777 | NY24: 1.6587 | NZ24: 0.6319 | OA24: =NX24/24 -> 0.5157375 | OB24: =$AJ24-NZ24 -> 37.5481 | OC24: =NX24-NN24 -> 0.0337 | OF24: 14 | OG24: 9976 | OH24: 12.3946 | OI24: 1.6609 | OJ24: 0.6328 | OK24: =OH24/24 -> 0.51644167 | OL24: =$AJ24-OJ24 -> 37.5472 | OM24: =OH24-NX24 -> 0.0169 | OP24: 14 | OQ24: 9976 | OR24: =VLOOKUP(OQ24,Sheet4!A22:F98,3,0) -> 12.4334 | OS24: =VLOOKUP(OQ24,Sheet4!A22:F98,4,0) -> 1.6661 | OT24: =VLOOKUP(OQ24,Sheet4!A22:F98,5,0) -> 0.6348 | OU24: =OR24/24 -> 0.51805833 | OV24: =$AJ24-OT24 -> 37.5452 | OW24: =OR24-OH24 -> 0.0388
A25: 17 | B25: 9598 | C25: B | D25: 38.21 | J25: 9598 | K25: 13.2107 | L25: 1.7703 | M25: 0.6745 | N25: =K25/24 -> 0.55044583 | O25: =D25-M25 -> 37.5355 | R25: 9598 | S25: 13.2974 | T25: 1.7819 | U25: 0.6789 | V25: =S25/24 -> 0.55405833 | W25: =D25-U25 -> 37.5311 | Z25: 9598 | AA25: 13.5105 | AB25: 1.8105 | AC25: 0.6898 | AD25: =AA25/24 -> 0.5629375 | AE25: =D25-AC25 -> 37.5202 | AG25: 17 | AH25: 9598 | AI25: B | AJ25: 38.21 | AL25: 9598 | AM25: 13.7414 | AN25: 1.8414 | AO25: 0.7016 | AP25: =AM25/24 -> 0.57255833 | AQ25: =AJ25-AO25 -> 37.5084 | AU25: 9598 | AV25: 13.8396 | AW25: 1.8546 | AX25: 0.7066 | AY25: =AV25/24 -> 0.57665 | AZ25: =AJ25-AX25 -> 37.5034 | BD25: 9598 | BE25: 13.8507 | BF25: 1.856 | BG25: 0.7072 | BH25: =BE25/24 -> 0.5771125 | BI25: =AJ25-BG25 -> 37.5028 | BN25: 9598 | BO25: 13.8921 | BP25: 1.8616 | BQ25: 0.7093 | BR25: =BO25/24 -> 0.5788375 | BS25: =AJ25-BQ25 -> 37.5007 | BX25: 9598 | BY25: 13.9737 | BZ25: 1.8725 | CA25: 0.7134 | CB25: =BY25/24 -> 0.5822375 | CC25: =AJ25-CA25 -> 37.4966 | CG25: 15 | CH25: 9598 | CI25: 14.0439 | CJ25: 1.8819 | CK25: 0.717 | CL25: =CI25/24 -> 0.5851625 | CM25: =AJ25-CK25 -> 37.493 | CQ25: 15 | CR25: 9598 | CS25: 14.1321 | CT25: 1.8938 | CU25: 0.7215 | CV25: =CS25/24 -> 0.5888375 | CW25: =AJ25-CU25 -> 37.4885 | DA25: 15 | DB25: 9598 | DC25: 14.1408 | DD25: 1.8949 | DE25: 0.722 | DF25: =DC25/24 -> 0.5892 | DG25: =AJ25-DE25 -> 37.488 | DK25: 15 | DL25: 9598 | DM25: 14.2415 | DN25: 1.9084 | DO25: 0.7271 | DP25: =DM25/24 -> 0.59339583 | DQ25: =AJ25-DO25 -> 37.4829 | DS25: =DM25-DC25 -> 0.1007 | DU25: 15 | DV25: 9598 | DW25: 14.3043 | DX25: 1.9168 | DY25: 0.7303 | DZ25: =DW25/24 -> 0.5960125 | EA25: =AJ25-DY25 -> 37.4797 | EE25: 15 | EF25: 9598 | EG25: 14.4023 | EH25: 1.93 | EI25: 0.7353 | EJ25: =EG25/24 -> 0.60009583 | EK25: =AJ25-EI25 -> 37.4747 | EM25: =EK25-EA25 -> -0.005 | EO25: 15 | EP25: 9598 | EQ25: 14.5972 | ER25: 1.9561 | ES25: 0.7453 | ET25: =EQ25/24 -> 0.60821667 | EU25: =AJ25-ES25 -> 37.4647 | EY25: 15 | EZ25: 9598 | FA25: 14.6891 | FB25: 1.9684 | FC25: 0.75 | FD25: =FA25/24 -> 0.61204583 | FE25: =AJ25-FC25 -> 37.46 | FG25: =FE25-EU25 -> -0.0047 | FI25: 15 | FJ25: 9598 | FK25: 14.8115 | FL25: 1.9848 | FM25: 0.7562 | FN25: =FK25/24 -> 0.61714583 | FO25: =AJ25-FM25 -> 37.4538 | FP25: =FO25-FE25 -> -0.0062 | FS25: 15 | FT25: 9598 | FU25: 14.8367 | FV25: 1.9882 | FW25: 0.7575 | FX25: =FU25/24 -> 0.61819583 | FY25: =AJ25-FW25 -> 37.4525 | FZ25: =FU25-FK25 -> 0.0252 | GC25: 15 | GD25: 9598 | GE25: 14.899 | GF25: 1.9965 | GG25: 0.7607 | GH25: =GE25/24 -> 0.62079167 | GI25: =$AJ25-GG25 -> 37.4493 | GJ25: =GE25-FU25 -> 0.0623 | GM25: 15 | GN25: 9598 | GO25: 15.031 | GP25: 2.0142 | GQ25: 0.7674 | GR25: =GO25/24 -> 0.62629167 | GS25: =$AJ25-GQ25 -> 37.4426 | GT25: =GO25-GE25 -> 0.132 | GW25: 15 | GX25: 9598 | GY25: =VLOOKUP(GX25,Sheet3!$AJ$7:$AN$83,2,0) -> 15.1986 | GZ25: =VLOOKUP(GX25,Sheet3!$AJ$7:$AN$83,3,0) -> 2.0367 | HA25: =VLOOKUP(GX25,Sheet3!$AJ$7:$AN$83,4,0) -> 0.776 | HB25: =GY25/24 -> 0.633275 | HC25: =$AJ25-HA25 -> 37.434 | HD25: =GY25-GO25 -> 0.1676 | HE25: =HA25-GQ25 -> 0.0086 | HH25: 15 | HI25: 9598 | HJ25: 15.2662 | HK25: 2.0457 | HL25: 0.7794 | HM25: =HJ25/24 -> 0.63609167 | HN25: =$AJ25-HL25 -> 37.4306 | HO25: =HJ25-GY25 -> 0.0676 | HR25: 15 | HS25: 9598 | HT25: 15.3103 | HU25: 2.0516 | HV25: 0.7817 | HW25: =HT25/24 -> 0.63792917 | HX25: =$AJ25-HV25 -> 37.4283 | HY25: =HT25-HJ25 -> 0.0441 | IB25: 15 | IC25: 9598 | ID25: 15.3294 | IE25: 2.0542 | IF25: 0.7826 | IG25: =ID25/24 -> 0.638725 | IH25: =$AJ25-IF25 -> 37.4274 | II25: =ID25-HT25 -> 0.0191 | IL25: 15 | IM25: 9598 | IN25: 15.4298 | IO25: 2.0677 | IP25: 0.7878 | IQ25: =IN25/24 -> 0.64290833 | IR25: =$AJ25-IP25 -> 37.4222 | IS25: =IN25-ID25 -> 0.1004 | IV25: 15 | IW25: 9598 | IX25: 15.5654 | IY25: 2.0858 | IZ25: 0.7947 | JA25: =IX25/24 -> 0.64855833 | JB25: =$AJ25-IZ25 -> 37.4153 | JC25: =IX25-IN25 -> 0.1356 | JF25: 15 | JG25: 9598 | JH25: 15.6085 | JI25: 2.0916 | JJ25: 0.7969 | JK25: =JH25/24 -> 0.65035417 | JL25: =$AJ25-JJ25 -> 37.4131 | JM25: =JH25-IX25 -> 0.0431 | JP25: 15 | JQ25: 9598 | JR25: 15.6432 | JS25: 2.0962 | JT25: 0.7987 | JU25: =JR25/24 -> 0.6518 | JV25: =$AJ25-JT25 -> 37.4113 | JW25: =JR25-JH25 -> 0.0347 | JZ25: 15 | KA25: 9598 | KB25: 15.7244 | KC25: 2.1071 | KD25: 0.8028 | KE25: =KB25/24 -> 0.65518333 | KF25: =$AJ25-KD25 -> 37.4072 | KG25: =KB25-JR25 -> 0.0812 | KJ25: 15 | KK25: 9598 | KL25: 15.7515 | KM25: 2.1108 | KN25: 0.8042 | KO25: =KL25/24 -> 0.6563125 | KP25: =$AJ25-KN25 -> 37.4058 | KQ25: =KL25-KB25 -> 0.0271 | KT25: 15 | KU25: 9598 | KV25: 15.78 | KW25: 2.1146 | KX25: 0.8057 | KY25: =KV25/24 -> 0.6575 | KZ25: =$AJ25-KX25 -> 37.4043 | LA25: =KV25-KL25 -> 0.0285 | LD25: 15 | LE25: 9598 | LF25: 15.8039 | LG25: 2.1178 | LH25: 0.8069 | LI25: =LF25/24 -> 0.65849583 | LJ25: =$AJ25-LH25 -> 37.4031 | LK25: =LF25-KV25 -> 0.0239 | LN25: 15 | LO25: 9598 | LP25: 15.8374 | LQ25: 2.1223 | LR25: 0.8086 | LS25: =LP25/24 -> 0.65989167 | LT25: =$AJ25-LR25 -> 37.4014 | LU25: =LP25-LF25 -> 0.0335 | LX25: 15 | LY25: 9598 | LZ25: 15.875 | MA25: 2.1273 | MB25: 0.8105 | MC25: =LZ25/24 -> 0.66145833 | MD25: =$AJ25-MB25 -> 37.3995 | ME25: =LZ25-LP25 -> 0.0376 | MH25: 15 | MI25: 9598 | MJ25: 15.9121 | MK25: 2.1323 | ML25: 0.8124 | MM25: =MJ25/24 -> 0.66300417 | MN25: =$AJ25-ML25 -> 37.3976 | MO25: =MJ25-LZ25 -> 0.0371 | MR25: 15 | MS25: 9598 | MT25: 15.9828 | MU25: 2.1418 | MV25: 0.816 | MW25: =MT25/24 -> 0.66595 | MX25: =$AJ25-MV25 -> 37.394 | MY25: =MT25-MJ25 -> 0.0707 | NB25: 15 | NC25: 9598 | ND25: 16.0551 | NE25: 2.1514 | NF25: 0.8197 | NG25: =ND25/24 -> 0.6689625 | NH25: =$AJ25-NF25 -> 37.3903 | NI25: =ND25-MT25 -> 0.0723 | NL25: 15 | NM25: 9598 | NN25: 16.0764 | NO25: 2.1543 | NP25: 0.8208 | NQ25: =NN25/24 -> 0.66985 | NR25: =$AJ25-NP25 -> 37.3892 | NS25: =NN25-ND25 -> 0.0213 | NV25: 15 | NW25: 9598 | NX25: 16.1101 | NY25: 2.1588 | NZ25: 0.8225 | OA25: =NX25/24 -> 0.67125417 | OB25: =$AJ25-NZ25 -> 37.3875 | OC25: =NX25-NN25 -> 0.0337 | OF25: 15 | OG25: 9598 | OH25: 16.127 | OI25: 2.1611 | OJ25: 0.8234 | OK25: =OH25/24 -> 0.67195833 | OL25: =$AJ25-OJ25 -> 37.3866 | OM25: =OH25-NX25 -> 0.0169 | OP25: 15 | OQ25: 9598 | OR25: =VLOOKUP(OQ25,Sheet4!A23:F99,3,0) -> 16.1658 | OS25: =VLOOKUP(OQ25,Sheet4!A23:F99,4,0) -> 2.1663 | OT25: =VLOOKUP(OQ25,Sheet4!A23:F99,5,0) -> 0.8254 | OU25: =OR25/24 -> 0.673575 | OV25: =$AJ25-OT25 -> 37.3846 | OW25: =OR25-OH25 -> 0.0388
A26: 18 | B26: 9597 | C26: B | D26: 38.21 | J26: 9597 | K26: 13.6384 | L26: 1.8276 | M26: 0.6963 | N26: =K26/24 -> 0.56826667 | O26: =D26-M26 -> 37.5137 | R26: 9597 | S26: 13.7251 | T26: 1.8392 | U26: 0.7007 | V26: =S26/24 -> 0.57187917 | W26: =D26-U26 -> 37.5093 | Z26: 9597 | AA26: 13.9382 | AB26: 1.8678 | AC26: 0.7116 | AD26: =AA26/24 -> 0.58075833 | AE26: =D26-AC26 -> 37.4984 | AG26: 18 | AH26: 9597 | AI26: B | AJ26: 38.21 | AL26: 9597 | AM26: 14.1691 | AN26: 1.8987 | AO26: 0.7234 | AP26: =AM26/24 -> 0.59037917 | AQ26: =AJ26-AO26 -> 37.4866 | AU26: 9597 | AV26: 14.2673 | AW26: 1.9119 | AX26: 0.7284 | AY26: =AV26/24 -> 0.59447083 | AZ26: =AJ26-AX26 -> 37.4816 | BD26: 9597 | BE26: 14.2784 | BF26: 1.9134 | BG26: 0.729 | BH26: =BE26/24 -> 0.59493333 | BI26: =AJ26-BG26 -> 37.481 | BN26: 9597 | BO26: 14.3198 | BP26: 1.9189 | BQ26: 0.7311 | BR26: =BO26/24 -> 0.59665833 | BS26: =AJ26-BQ26 -> 37.4789 | BX26: 9597 | BY26: 14.4014 | BZ26: 1.9298 | CA26: 0.7353 | CB26: =BY26/24 -> 0.60005833 | CC26: =AJ26-CA26 -> 37.4747 | CG26: 16 | CH26: 9597 | CI26: 14.4716 | CJ26: 1.9393 | CK26: 0.7389 | CL26: =CI26/24 -> 0.60298333 | CM26: =AJ26-CK26 -> 37.4711 | CQ26: 16 | CR26: 9597 | CS26: 14.5598 | CT26: 1.9511 | CU26: 0.7434 | CV26: =CS26/24 -> 0.60665833 | CW26: =AJ26-CU26 -> 37.4666 | DA26: 16 | DB26: 9597 | DC26: 14.5685 | DD26: 1.9522 | DE26: 0.7438 | DF26: =DC26/24 -> 0.60702083 | DG26: =AJ26-DE26 -> 37.4662 | DK26: 16 | DL26: 9597 | DM26: 14.6692 | DN26: 1.9657 | DO26: 0.7489 | DP26: =DM26/24 -> 0.61121667 | DQ26: =AJ26-DO26 -> 37.4611 | DS26: =DM26-DC26 -> 0.1007 | DU26: 16 | DV26: 9597 | DW26: 14.732 | DX26: 1.9741 | DY26: 0.7521 | DZ26: =DW26/24 -> 0.61383333 | EA26: =AJ26-DY26 -> 37.4579 | EE26: 16 | EF26: 9597 | EG26: 14.83 | EH26: 1.9873 | EI26: 0.7572 | EJ26: =EG26/24 -> 0.61791667 | EK26: =AJ26-EI26 -> 37.4528 | EM26: =EK26-EA26 -> -0.0051 | EO26: 16 | EP26: 9597 | EQ26: 15.0249 | ER26: 2.0134 | ES26: 0.7671 | ET26: =EQ26/24 -> 0.6260375 | EU26: =AJ26-ES26 -> 37.4429 | EY26: 16 | EZ26: 9597 | FA26: 15.1168 | FB26: 2.0257 | FC26: 0.7718 | FD26: =FA26/24 -> 0.62986667 | FE26: =AJ26-FC26 -> 37.4382 | FG26: =FE26-EU26 -> -0.0047 | FI26: 16 | FJ26: 9597 | FK26: 15.2392 | FL26: 2.0421 | FM26: 0.778 | FN26: =FK26/24 -> 0.63496667 | FO26: =AJ26-FM26 -> 37.432 | FP26: =FO26-FE26 -> -0.0062 | FS26: 16 | FT26: 9597 | FU26: 15.2644 | FV26: 2.0455 | FW26: 0.7793 | FX26: =FU26/24 -> 0.63601667 | FY26: =AJ26-FW26 -> 37.4307 | FZ26: =FU26-FK26 -> 0.0252 | GC26: 16 | GD26: 9597 | GE26: 15.3267 | GF26: 2.0538 | GG26: 0.7825 | GH26: =GE26/24 -> 0.6386125 | GI26: =$AJ26-GG26 -> 37.4275 | GJ26: =GE26-FU26 -> 0.0623 | GM26: 16 | GN26: 9597 | GO26: 15.4587 | GP26: 2.0715 | GQ26: 0.7893 | GR26: =GO26/24 -> 0.6441125 | GS26: =$AJ26-GQ26 -> 37.4207 | GT26: =GO26-GE26 -> 0.132 | GW26: 16 | GX26: 9597 | GY26: =VLOOKUP(GX26,Sheet3!$AJ$7:$AN$83,2,0) -> 15.6263 | GZ26: =VLOOKUP(GX26,Sheet3!$AJ$7:$AN$83,3,0) -> 2.094 | HA26: =VLOOKUP(GX26,Sheet3!$AJ$7:$AN$83,4,0) -> 0.7978 | HB26: =GY26/24 -> 0.65109583 | HC26: =$AJ26-HA26 -> 37.4122 | HD26: =GY26-GO26 -> 0.1676 | HE26: =HA26-GQ26 -> 0.0085 | HH26: 16 | HI26: 9597 | HJ26: 15.6939 | HK26: 2.103 | HL26: 0.8013 | HM26: =HJ26/24 -> 0.6539125 | HN26: =$AJ26-HL26 -> 37.4087 | HO26: =HJ26-GY26 -> 0.0676 | HR26: 16 | HS26: 9597 | HT26: 15.738 | HU26: 2.109 | HV26: 0.8035 | HW26: =HT26/24 -> 0.65575 | HX26: =$AJ26-HV26 -> 37.4065 | HY26: =HT26-HJ26 -> 0.0441 | IB26: 16 | IC26: 9597 | ID26: 15.7571 | IE26: 2.1115 | IF26: 0.8045 | IG26: =ID26/24 -> 0.65654583 | IH26: =$AJ26-IF26 -> 37.4055 | II26: =ID26-HT26 -> 0.0191 | IL26: 16 | IM26: 9597 | IN26: 15.8575 | IO26: 2.125 | IP26: 0.8096 | IQ26: =IN26/24 -> 0.66072917 | IR26: =$AJ26-IP26 -> 37.4004 | IS26: =IN26-ID26 -> 0.1004 | IV26: 16 | IW26: 9597 | IX26: 15.9931 | IY26: 2.1431 | IZ26: 0.8165 | JA26: =IX26/24 -> 0.66637917 | JB26: =$AJ26-IZ26 -> 37.3935 | JC26: =IX26-IN26 -> 0.1356 | JF26: 16 | JG26: 9597 | JH26: 16.0362 | JI26: 2.1489 | JJ26: 0.8187 | JK26: =JH26/24 -> 0.668175 | JL26: =$AJ26-JJ26 -> 37.3913 | JM26: =JH26-IX26 -> 0.0431 | JP26: 16 | JQ26: 9597 | JR26: 16.0709 | JS26: 2.1536 | JT26: 0.8205 | JU26: =JR26/24 -> 0.66962083 | JV26: =$AJ26-JT26 -> 37.3895 | JW26: =JR26-JH26 -> 0.0347 | JZ26: 16 | KA26: 9597 | KB26: 16.1521 | KC26: 2.1644 | KD26: 0.8247 | KE26: =KB26/24 -> 0.67300417 | KF26: =$AJ26-KD26 -> 37.3853 | KG26: =KB26-JR26 -> 0.0812 | KJ26: 16 | KK26: 9597 | KL26: 16.1792 | KM26: 2.1681 | KN26: 0.826 | KO26: =KL26/24 -> 0.67413333 | KP26: =$AJ26-KN26 -> 37.384 | KQ26: =KL26-KB26 -> 0.0271 | KT26: 16 | KU26: 9597 | KV26: 16.2077 | KW26: 2.1719 | KX26: 0.8275 | KY26: =KV26/24 -> 0.67532083 | KZ26: =$AJ26-KX26 -> 37.3825 | LA26: =KV26-KL26 -> 0.0285 | LD26: 16 | LE26: 9597 | LF26: 16.2316 | LG26: 2.1751 | LH26: 0.8287 | LI26: =LF26/24 -> 0.67631667 | LJ26: =$AJ26-LH26 -> 37.3813 | LK26: =LF26-KV26 -> 0.0239 | LN26: 16 | LO26: 9597 | LP26: 16.2651 | LQ26: 2.1796 | LR26: 0.8304 | LS26: =LP26/24 -> 0.6777125 | LT26: =$AJ26-LR26 -> 37.3796 | LU26: =LP26-LF26 -> 0.0335 | LX26: 16 | LY26: 9597 | LZ26: 16.3027 | MA26: 2.1846 | MB26: 0.8323 | MC26: =LZ26/24 -> 0.67927917 | MD26: =$AJ26-MB26 -> 37.3777 | ME26: =LZ26-LP26 -> 0.0376 | MH26: 16 | MI26: 9597 | MJ26: 16.3398 | MK26: 2.1896 | ML26: 0.8342 | MM26: =MJ26/24 -> 0.680825 | MN26: =$AJ26-ML26 -> 37.3758 | MO26: =MJ26-LZ26 -> 0.0371 | MR26: 16 | MS26: 9597 | MT26: 16.4105 | MU26: 2.1991 | MV26: 0.8378 | MW26: =MT26/24 -> 0.68377083 | MX26: =$AJ26-MV26 -> 37.3722 | MY26: =MT26-MJ26 -> 0.0707 | NB26: 16 | NC26: 9597 | ND26: 16.4828 | NE26: 2.2088 | NF26: 0.8415 | NG26: =ND26/24 -> 0.68678333 | NH26: =$AJ26-NF26 -> 37.3685 | NI26: =ND26-MT26 -> 0.0723 | NL26: 16 | NM26: 9597 | NN26: 16.5041 | NO26: 2.2116 | NP26: 0.8426 | NQ26: =NN26/24 -> 0.68767083 | NR26: =$AJ26-NP26 -> 37.3674 | NS26: =NN26-ND26 -> 0.0213 | NV26: 16 | NW26: 9597 | NX26: 16.5378 | NY26: 2.2161 | NZ26: 0.8443 | OA26: =NX26/24 -> 0.689075 | OB26: =$AJ26-NZ26 -> 37.3657 | OC26: =NX26-NN26 -> 0.0337 | OF26: 16 | OG26: 9597 | OH26: 16.5547 | OI26: 2.2184 | OJ26: 0.8452 | OK26: =OH26/24 -> 0.68977917 | OL26: =$AJ26-OJ26 -> 37.3648 | OM26: =OH26-NX26 -> 0.0169 | OP26: 16 | OQ26: 9597 | OR26: =VLOOKUP(OQ26,Sheet4!A24:F100,3,0) -> 16.5935 | OS26: =VLOOKUP(OQ26,Sheet4!A24:F100,4,0) -> 2.2236 | OT26: =VLOOKUP(OQ26,Sheet4!A24:F100,5,0) -> 0.8472 | OU26: =OR26/24 -> 0.69139583 | OV26: =$AJ26-OT26 -> 37.3628 | OW26: =OR26-OH26 -> 0.0388
A27: 19 | B27: 9881 | C27: B | D27: 37.91 | J27: 9881 | K27: 8.0985 | L27: 1.0852 | M27: 0.4135 | N27: =K27/24 -> 0.3374375 | O27: =D27-M27 -> 37.4965 | R27: 9881 | S27: 8.1686 | T27: 1.0946 | U27: 0.4171 | V27: =S27/24 -> 0.34035833 | W27: =D27-U27 -> 37.4929 | Z27: 9881 | AA27: 8.341 | AB27: 1.1177 | AC27: 0.4259 | AD27: =AA27/24 -> 0.34754167 | AE27: =D27-AC27 -> 37.4841 | AG27: 19 | AH27: 9881 | AI27: B | AJ27: 37.91 | AL27: 9881 | AM27: 8.5286 | AN27: 1.1429 | AO27: 0.4354 | AP27: =AM27/24 -> 0.35535833 | AQ27: =AJ27-AO27 -> 37.4746 | AU27: 9881 | AV27: 8.6084 | AW27: 1.1536 | AX27: 0.4395 | AY27: =AV27/24 -> 0.35868333 | AZ27: =AJ27-AX27 -> 37.4705 | BD27: 9881 | BE27: 8.6174 | BF27: 1.1548 | BG27: 0.44 | BH27: =BE27/24 -> 0.35905833 | BI27: =AJ27-BG27 -> 37.47 | BN27: 9881 | BO27: 8.6511 | BP27: 1.1593 | BQ27: 0.4417 | BR27: =BO27/24 -> 0.3604625 | BS27: =AJ27-BQ27 -> 37.4683 | BX27: 9881 | BY27: 8.7174 | BZ27: 1.1682 | CA27: 0.4451 | CB27: =BY27/24 -> 0.363225 | CC27: =AJ27-CA27 -> 37.4649 | CG27: 17 | CH27: 9881 | CI27: 8.7744 | CJ27: 1.1758 | CK27: 0.448 | CL27: =CI27/24 -> 0.3656 | CM27: =AJ27-CK27 -> 37.462 | CQ27: 17 | CR27: 9881 | CS27: 8.8461 | CT27: 1.1854 | CU27: 0.4516 | CV27: =CS27/24 -> 0.3685875 | CW27: =AJ27-CU27 -> 37.4584 | DA27: 17 | DB27: 9881 | DC27: 8.8531 | DD27: 1.1863 | DE27: 0.452 | DF27: =DC27/24 -> 0.36887917 | DG27: =AJ27-DE27 -> 37.458 | DK27: 17 | DL27: 9881 | DM27: 8.9349 | DN27: 1.1973 | DO27: 0.4562 | DP27: =DM27/24 -> 0.3722875 | DQ27: =AJ27-DO27 -> 37.4538 | DS27: =DM27-DC27 -> 0.0818 | DU27: 17 | DV27: 9881 | DW27: 8.9859 | DX27: 1.2041 | DY27: 0.4588 | DZ27: =DW27/24 -> 0.3744125 | EA27: =AJ27-DY27 -> 37.4512 | EE27: 17 | EF27: 9881 | EG27: 9.0656 | EH27: 1.2148 | EI27: 0.4628 | EJ27: =EG27/24 -> 0.37773333 | EK27: =AJ27-EI27 -> 37.4472 | EM27: =EK27-EA27 -> -0.004 | EO27: 17 | EP27: 9881 | EQ27: 9.224 | ER27: 1.2361 | ES27: 0.4709 | ET27: =EQ27/24 -> 0.38433333 | EU27: =AJ27-ES27 -> 37.4391 | EY27: 17 | EZ27: 9881 | FA27: 9.2987 | FB27: 1.2461 | FC27: 0.4747 | FD27: =FA27/24 -> 0.38744583 | FE27: =AJ27-FC27 -> 37.4353 | FG27: =FE27-EU27 -> -0.0038 | FI27: 17 | FJ27: 9881 | FK27: 9.3982 | FL27: 1.2594 | FM27: 0.4798 | FN27: =FK27/24 -> 0.39159167 | FO27: =AJ27-FM27 -> 37.4302 | FP27: =FO27-FE27 -> -0.0051 | FS27: 17 | FT27: 9881 | FU27: 9.4187 | FV27: 1.2621 | FW27: 0.4809 | FX27: =FU27/24 -> 0.39244583 | FY27: =AJ27-FW27 -> 37.4291 | FZ27: =FU27-FK27 -> 0.0205 | GC27: 17 | GD27: 9881 | GE27: 9.4694 | GF27: 1.2689 | GG27: 0.4835 | GH27: =GE27/24 -> 0.39455833 | GI27: =$AJ27-GG27 -> 37.4265 | GJ27: =GE27-FU27 -> 0.0507 | GM27: 17 | GN27: 9881 | GO27: 9.5767 | GP27: 1.2833 | GQ27: 0.4889 | GR27: =GO27/24 -> 0.39902917 | GS27: =$AJ27-GQ27 -> 37.4211 | GT27: =GO27-GE27 -> 0.1073 | GW27: 17 | GX27: 9881 | GY27: =VLOOKUP(GX27,Sheet3!$AJ$7:$AN$83,2,0) -> 9.7129 | GZ27: =VLOOKUP(GX27,Sheet3!$AJ$7:$AN$83,3,0) -> 1.3016 | HA27: =VLOOKUP(GX27,Sheet3!$AJ$7:$AN$83,4,0) -> 0.4959 | HB27: =GY27/24 -> 0.40470417 | HC27: =$AJ27-HA27 -> 37.4141 | HD27: =GY27-GO27 -> 0.1362 | HE27: =HA27-GQ27 -> 0.007 | HH27: 17 | HI27: 9881 | HJ27: 9.7679 | HK27: 1.3089 | HL27: 0.4987 | HM27: =HJ27/24 -> 0.40699583 | HN27: =$AJ27-HL27 -> 37.4113 | HO27: =HJ27-GY27 -> 0.055 | HR27: 17 | HS27: 9881 | HT27: 9.8037 | HU27: 1.3137 | HV27: 0.5005 | HW27: =HT27/24 -> 0.4084875 | HX27: =$AJ27-HV27 -> 37.4095 | HY27: =HT27-HJ27 -> 0.0358 | IB27: 17 | IC27: 9881 | ID27: 9.8192 | IE27: 1.3158 | IF27: 0.5013 | IG27: =ID27/24 -> 0.40913333 | IH27: =$AJ27-IF27 -> 37.4087 | II27: =ID27-HT27 -> 0.0155 | IL27: 17 | IM27: 9881 | IN27: 9.9008 | IO27: 1.3267 | IP27: 0.5055 | IQ27: =IN27/24 -> 0.41253333 | IR27: =$AJ27-IP27 -> 37.4045 | IS27: =IN27-ID27 -> 0.0816 | IV27: 17 | IW27: 9881 | IX27: 10.011 | IY27: 1.3415 | IZ27: 0.5111 | JA27: =IX27/24 -> 0.417125 | JB27: =$AJ27-IZ27 -> 37.3989 | JC27: =IX27-IN27 -> 0.1102 | JF27: 17 | JG27: 9881 | JH27: 10.046 | JI27: 1.3462 | JJ27: 0.5129 | JK27: =JH27/24 -> 0.41858333 | JL27: =$AJ27-JJ27 -> 37.3971 | JM27: =JH27-IX27 -> 0.035 | JP27: 17 | JQ27: 9881 | JR27: 10.0742 | JS27: 1.35 | JT27: 0.5143 | JU27: =JR27/24 -> 0.41975833 | JV27: =$AJ27-JT27 -> 37.3957 | JW27: =JR27-JH27 -> 0.0282 | JZ27: 17 | KA27: 9881 | KB27: 10.1402 | KC27: 1.3588 | KD27: 0.5177 | KE27: =KB27/24 -> 0.42250833 | KF27: =$AJ27-KD27 -> 37.3923 | KG27: =KB27-JR27 -> 0.066 | KJ27: 17 | KK27: 9881 | KL27: 10.1622 | KM27: 1.3618 | KN27: 0.5188 | KO27: =KL27/24 -> 0.423425 | KP27: =$AJ27-KN27 -> 37.3912 | KQ27: =KL27-KB27 -> 0.022 | KT27: 17 | KU27: 9881 | KV27: 10.1854 | KW27: 1.3649 | KX27: 0.52 | KY27: =KV27/24 -> 0.42439167 | KZ27: =$AJ27-KX27 -> 37.39 | LA27: =KV27-KL27 -> 0.0232 | LD27: 17 | LE27: 9881 | LF27: 10.2048 | LG27: 1.3675 | LH27: 0.521 | LI27: =LF27/24 -> 0.4252 | LJ27: =$AJ27-LH27 -> 37.389 | LK27: =LF27-KV27 -> 0.0194 | LN27: 17 | LO27: 9881 | LP27: 10.232 | LQ27: 1.3711 | LR27: 0.5224 | LS27: =LP27/24 -> 0.42633333 | LT27: =$AJ27-LR27 -> 37.3876 | LU27: =LP27-LF27 -> 0.0272 | LX27: 17 | LY27: 9881 | LZ27: 10.2626 | MA27: 1.3752 | MB27: 0.524 | MC27: =LZ27/24 -> 0.42760833 | MD27: =$AJ27-MB27 -> 37.386 | ME27: =LZ27-LP27 -> 0.0306 | MH27: 17 | MI27: 9881 | MJ27: 10.2927 | MK27: 1.3793 | ML27: 0.5255 | MM27: =MJ27/24 -> 0.4288625 | MN27: =$AJ27-ML27 -> 37.3845 | MO27: =MJ27-LZ27 -> 0.0301 | MR27: 17 | MS27: 9881 | MT27: 10.3502 | MU27: 1.387 | MV27: 0.5284 | MW27: =MT27/24 -> 0.43125833 | MX27: =$AJ27-MV27 -> 37.3816 | MY27: =MT27-MJ27 -> 0.0575 | NB27: 17 | NC27: 9881 | ND27: 10.409 | NE27: 1.3948 | NF27: 0.5314 | NG27: =ND27/24 -> 0.43370833 | NH27: =$AJ27-NF27 -> 37.3786 | NI27: =ND27-MT27 -> 0.0588 | NL27: 17 | NM27: 9881 | NN27: 10.4263 | NO27: 1.3972 | NP27: 0.5323 | NQ27: =NN27/24 -> 0.43442917 | NR27: =$AJ27-NP27 -> 37.3777 | NS27: =NN27-ND27 -> 0.0173 | NV27: 17 | NW27: 9881 | NX27: 10.4537 | NY27: 1.4008 | NZ27: 0.5337 | OA27: =NX27/24 -> 0.43557083 | OB27: =$AJ27-NZ27 -> 37.3763 | OC27: =NX27-NN27 -> 0.0274 | OF27: 17 | OG27: 9881 | OH27: 10.4675 | OI27: 1.4027 | OJ27: 0.5344 | OK27: =OH27/24 -> 0.43614583 | OL27: =$AJ27-OJ27 -> 37.3756 | OM27: =OH27-NX27 -> 0.0138 | OP27: 17 | OQ27: 9881 | OR27: =VLOOKUP(OQ27,Sheet4!A25:F101,3,0) -> 10.4991 | OS27: =VLOOKUP(OQ27,Sheet4!A25:F101,4,0) -> 1.4069 | OT27: =VLOOKUP(OQ27,Sheet4!A25:F101,5,0) -> 0.536 | OU27: =OR27/24 -> 0.4374625 | OV27: =$AJ27-OT27 -> 37.374 | OW27: =OR27-OH27 -> 0.0316
A28: 20 | B28: 9352 | C28: B | D28: 37.89 | J28: 9352 | K28: 11.2672 | L28: 1.5098 | M28: 0.5753 | N28: =K28/24 -> 0.46946667 | O28: =D28-M28 -> 37.3147 | R28: 9352 | S28: 11.3373 | T28: 1.5192 | U28: 0.5788 | V28: =S28/24 -> 0.4723875 | W28: =D28-U28 -> 37.3112 | Z28: 9352 | AA28: 11.5097 | AB28: 1.5423 | AC28: 0.5876 | AD28: =AA28/24 -> 0.47957083 | AE28: =D28-AC28 -> 37.3024 | AG28: 20 | AH28: 9352 | AI28: B | AJ28: 37.89 | AL28: 9352 | AM28: 11.6973 | AN28: 1.5675 | AO28: 0.5972 | AP28: =AM28/24 -> 0.4873875 | AQ28: =AJ28-AO28 -> 37.2928 | AU28: 9352 | AV28: 11.7771 | AW28: 1.5782 | AX28: 0.6013 | AY28: =AV28/24 -> 0.4907125 | AZ28: =AJ28-AX28 -> 37.2887 | BD28: 9352 | BE28: 11.7861 | BF28: 1.5794 | BG28: 0.6017 | BH28: =BE28/24 -> 0.4910875 | BI28: =AJ28-BG28 -> 37.2883 | BN28: 9352 | BO28: 11.8198 | BP28: 1.5839 | BQ28: 0.6035 | BR28: =BO28/24 -> 0.49249167 | BS28: =AJ28-BQ28 -> 37.2865 | BX28: 9352 | BY28: 11.8861 | BZ28: 1.5928 | CA28: 0.6069 | CB28: =BY28/24 -> 0.49525417 | CC28: =AJ28-CA28 -> 37.2831 | CG28: 18 | CH28: 9352 | CI28: 11.9431 | CJ28: 1.6004 | CK28: 0.6098 | CL28: =CI28/24 -> 0.49762917 | CM28: =AJ28-CK28 -> 37.2802 | CQ28: 18 | CR28: 9352 | CS28: 12.0148 | CT28: 1.61 | CU28: 0.6134 | CV28: =CS28/24 -> 0.50061667 | CW28: =AJ28-CU28 -> 37.2766 | DA28: 18 | DB28: 9352 | DC28: 12.0218 | DD28: 1.611 | DE28: 0.6138 | DF28: =DC28/24 -> 0.50090833 | DG28: =AJ28-DE28 -> 37.2762 | DK28: 18 | DL28: 9352 | DM28: 12.1036 | DN28: 1.6219 | DO28: 0.618 | DP28: =DM28/24 -> 0.50431667 | DQ28: =AJ28-DO28 -> 37.272 | DS28: =DM28-DC28 -> 0.0818 | DU28: 18 | DV28: 9352 | DW28: 12.1546 | DX28: 1.6288 | DY28: 0.6206 | DZ28: =DW28/24 -> 0.50644167 | EA28: =AJ28-DY28 -> 37.2694 | EE28: 18 | EF28: 9352 | EG28: 12.2343 | EH28: 1.6394 | EI28: 0.6246 | EJ28: =EG28/24 -> 0.5097625 | EK28: =AJ28-EI28 -> 37.2654 | EM28: =EK28-EA28 -> -0.004 | EO28: 18 | EP28: 9352 | EQ28: 12.3927 | ER28: 1.6607 | ES28: 0.6327 | ET28: =EQ28/24 -> 0.5163625 | EU28: =AJ28-ES28 -> 37.2573 | EY28: 18 | EZ28: 9352 | FA28: 12.4674 | FB28: 1.6707 | FC28: 0.6365 | FD28: =FA28/24 -> 0.519475 | FE28: =AJ28-FC28 -> 37.2535 | FG28: =FE28-EU28 -> -0.0038 | FI28: 18 | FJ28: 9352 | FK28: 12.5669 | FL28: 1.684 | FM28: 0.6416 | FN28: =FK28/24 -> 0.52362083 | FO28: =AJ28-FM28 -> 37.2484 | FP28: =FO28-FE28 -> -0.0051 | FS28: 18 | FT28: 9352 | FU28: 12.5874 | FV28: 1.6868 | FW28: 0.6427 | FX28: =FU28/24 -> 0.524475 | FY28: =AJ28-FW28 -> 37.2473 | FZ28: =FU28-FK28 -> 0.0205 | GC28: 18 | GD28: 9352 | GE28: 12.6381 | GF28: 1.6936 | GG28: 0.6452 | GH28: =GE28/24 -> 0.5265875 | GI28: =$AJ28-GG28 -> 37.2448 | GJ28: =GE28-FU28 -> 0.0507 | GM28: 18 | GN28: 9352 | GO28: 12.7454 | GP28: 1.7079 | GQ28: 0.6507 | GR28: =GO28/24 -> 0.53105833 | GS28: =$AJ28-GQ28 -> 37.2393 | GT28: =GO28-GE28 -> 0.1073 | GW28: 18 | GX28: 9352 | GY28: =VLOOKUP(GX28,Sheet3!$AJ$7:$AN$83,2,0) -> 12.8816 | GZ28: =VLOOKUP(GX28,Sheet3!$AJ$7:$AN$83,3,0) -> 1.7262 | HA28: =VLOOKUP(GX28,Sheet3!$AJ$7:$AN$83,4,0) -> 0.6577 | HB28: =GY28/24 -> 0.53673333 | HC28: =$AJ28-HA28 -> 37.2323 | HD28: =GY28-GO28 -> 0.1362 | HE28: =HA28-GQ28 -> 0.007 | HH28: 18 | HI28: 9352 | HJ28: 12.9366 | HK28: 1.7336 | HL28: 0.6605 | HM28: =HJ28/24 -> 0.539025 | HN28: =$AJ28-HL28 -> 37.2295 | HO28: =HJ28-GY28 -> 0.055 | HR28: 18 | HS28: 9352 | HT28: 12.9724 | HU28: 1.7384 | HV28: 0.6623 | HW28: =HT28/24 -> 0.54051667 | HX28: =$AJ28-HV28 -> 37.2277 | HY28: =HT28-HJ28 -> 0.0358 | IB28: 18 | IC28: 9352 | ID28: 12.9879 | IE28: 1.7404 | IF28: 0.6631 | IG28: =ID28/24 -> 0.5411625 | IH28: =$AJ28-IF28 -> 37.2269 | II28: =ID28-HT28 -> 0.0155 | IL28: 18 | IM28: 9352 | IN28: 13.0695 | IO28: 1.7514 | IP28: 0.6673 | IQ28: =IN28/24 -> 0.5445625 | IR28: =$AJ28-IP28 -> 37.2227 | IS28: =IN28-ID28 -> 0.0816 | IV28: 18 | IW28: 9352 | IX28: 13.1797 | IY28: 1.7661 | IZ28: 0.6729 | JA28: =IX28/24 -> 0.54915417 | JB28: =$AJ28-IZ28 -> 37.2171 | JC28: =IX28-IN28 -> 0.1102 | JF28: 18 | JG28: 9352 | JH28: 13.2147 | JI28: 1.7708 | JJ28: 0.6747 | JK28: =JH28/24 -> 0.5506125 | JL28: =$AJ28-JJ28 -> 37.2153 | JM28: =JH28-IX28 -> 0.035 | JP28: 18 | JQ28: 9352 | JR28: 13.2429 | JS28: 1.7746 | JT28: 0.6761 | JU28: =JR28/24 -> 0.5517875 | JV28: =$AJ28-JT28 -> 37.2139 | JW28: =JR28-JH28 -> 0.0282 | JZ28: 18 | KA28: 9352 | KB28: 13.3089 | KC28: 1.7834 | KD28: 0.6795 | KE28: =KB28/24 -> 0.5545375 | KF28: =$AJ28-KD28 -> 37.2105 | KG28: =KB28-JR28 -> 0.066 | KJ28: 18 | KK28: 9352 | KL28: 13.3309 | KM28: 1.7864 | KN28: 0.6806 | KO28: =KL28/24 -> 0.55545417 | KP28: =$AJ28-KN28 -> 37.2094 | KQ28: =KL28-KB28 -> 0.022 | KT28: 18 | KU28: 9352 | KV28: 13.3541 | KW28: 1.7895 | KX28: 0.6818 | KY28: =KV28/24 -> 0.55642083 | KZ28: =$AJ28-KX28 -> 37.2082 | LA28: =KV28-KL28 -> 0.0232 | LD28: 18 | LE28: 9352 | LF28: 13.3735 | LG28: 1.7921 | LH28: 0.6828 | LI28: =LF28/24 -> 0.55722917 | LJ28: =$AJ28-LH28 -> 37.2072 | LK28: =LF28-KV28 -> 0.0194 | LN28: 18 | LO28: 9352 | LP28: 13.4007 | LQ28: 1.7957 | LR28: 0.6842 | LS28: =LP28/24 -> 0.5583625 | LT28: =$AJ28-LR28 -> 37.2058 | LU28: =LP28-LF28 -> 0.0272 | LX28: 18 | LY28: 9352 | LZ28: 13.4313 | MA28: 1.7998 | MB28: 0.6857 | MC28: =LZ28/24 -> 0.5596375 | MD28: =$AJ28-MB28 -> 37.2043 | ME28: =LZ28-LP28 -> 0.0306 | MH28: 18 | MI28: 9352 | MJ28: 13.4614 | MK28: 1.8039 | ML28: 0.6873 | MM28: =MJ28/24 -> 0.56089167 | MN28: =$AJ28-ML28 -> 37.2027 | MO28: =MJ28-LZ28 -> 0.0301 | MR28: 18 | MS28: 9352 | MT28: 13.5189 | MU28: 1.8116 | MV28: 0.6902 | MW28: =MT28/24 -> 0.5632875 | MX28: =$AJ28-MV28 -> 37.1998 | MY28: =MT28-MJ28 -> 0.0575 | NB28: 18 | NC28: 9352 | ND28: 13.5777 | NE28: 1.8195 | NF28: 0.6932 | NG28: =ND28/24 -> 0.5657375 | NH28: =$AJ28-NF28 -> 37.1968 | NI28: =ND28-MT28 -> 0.0588 | NL28: 18 | NM28: 9352 | NN28: 13.595 | NO28: 1.8218 | NP28: 0.6941 | NQ28: =NN28/24 -> 0.56645833 | NR28: =$AJ28-NP28 -> 37.1959 | NS28: =NN28-ND28 -> 0.0173 | NV28: 18 | NW28: 9352 | NX28: 13.6224 | NY28: 1.8255 | NZ28: 0.6955 | OA28: =NX28/24 -> 0.5676 | OB28: =$AJ28-NZ28 -> 37.1945 | OC28: =NX28-NN28 -> 0.0274 | OF28: 18 | OG28: 9352 | OH28: 13.6362 | OI28: 1.8273 | OJ28: 0.6962 | OK28: =OH28/24 -> 0.568175 | OL28: =$AJ28-OJ28 -> 37.1938 | OM28: =OH28-NX28 -> 0.0138 | OP28: 18 | OQ28: 9352 | OR28: =VLOOKUP(OQ28,Sheet4!A9:F85,3,0) -> 13.6678 | OS28: =VLOOKUP(OQ28,Sheet4!A9:F85,4,0) -> 1.8315 | OT28: =VLOOKUP(OQ28,Sheet4!A9:F85,5,0) -> 0.6978 | OU28: =OR28/24 -> 0.56949167 | OV28: =$AJ28-OT28 -> 37.1922 | OW28: =OR28-OH28 -> 0.0316
A29: 21 | B29: 9638 | C29: B | D29: 37.64 | J29: 9638 | K29: 2.2709 | L29: 0.3043 | M29: 0.1159 | N29: =K29/24 -> 0.094620833 | O29: =D29-M29 -> 37.5241 | R29: 9638 | S29: 2.341 | T29: 0.3137 | U29: 0.1195 | V29: =S29/24 -> 0.097541667 | W29: =D29-U29 -> 37.5205 | Z29: 9638 | AA29: 2.5134 | AB29: 0.3368 | AC29: 0.1283 | AD29: =AA29/24 -> 0.104725 | AE29: =D29-AC29 -> 37.5117 | AG29: 21 | AH29: 9638 | AI29: B | AJ29: 37.64 | AL29: 9638 | AM29: 2.701 | AN29: 0.3619 | AO29: 0.1379 | AP29: =AM29/24 -> 0.11254167 | AQ29: =AJ29-AO29 -> 37.5021 | AU29: 9638 | AV29: 2.7808 | AW29: 0.3726 | AX29: 0.142 | AY29: =AV29/24 -> 0.11586667 | AZ29: =AJ29-AX29 -> 37.498 | BD29: 9638 | BE29: 2.7898 | BF29: 0.3738 | BG29: 0.1424 | BH29: =BE29/24 -> 0.11624167 | BI29: =AJ29-BG29 -> 37.4976 | BN29: 9638 | BO29: 2.8235 | BP29: 0.3784 | BQ29: 0.1442 | BR29: =BO29/24 -> 0.11764583 | BS29: =AJ29-BQ29 -> 37.4958 | BX29: 9638 | BY29: 2.8898 | BZ29: 0.3872 | CA29: 0.1475 | CB29: =BY29/24 -> 0.12040833 | CC29: =AJ29-CA29 -> 37.4925 | CG29: 19 | CH29: 9638 | CI29: 2.9468 | CJ29: 0.3949 | CK29: 0.1505 | CL29: =CI29/24 -> 0.12278333 | CM29: =AJ29-CK29 -> 37.4895 | CQ29: 19 | CR29: 9638 | CS29: 3.0185 | CT29: 0.4045 | CU29: 0.1541 | CV29: =CS29/24 -> 0.12577083 | CW29: =AJ29-CU29 -> 37.4859 | DA29: 19 | DB29: 9638 | DC29: 3.0255 | DD29: 0.4054 | DE29: 0.1545 | DF29: =DC29/24 -> 0.1260625 | DG29: =AJ29-DE29 -> 37.4855 | DK29: 19 | DL29: 9638 | DM29: 3.1073 | DN29: 0.4164 | DO29: 0.1586 | DP29: =DM29/24 -> 0.12947083 | DQ29: =AJ29-DO29 -> 37.4814 | DS29: =DM29-DC29 -> 0.0818 | DU29: 19 | DV29: 9638 | DW29: 3.1583 | DX29: 0.4232 | DY29: 0.1612 | DZ29: =DW29/24 -> 0.13159583 | EA29: =AJ29-DY29 -> 37.4788 | EE29: 19 | EF29: 9638 | EG29: 3.238 | EH29: 0.4339 | EI29: 0.1653 | EJ29: =EG29/24 -> 0.13491667 | EK29: =AJ29-EI29 -> 37.4747 | EM29: =EK29-EA29 -> -0.0041 | EO29: 19 | EP29: 9638 | EQ29: 3.3964 | ER29: 0.4551 | ES29: 0.1734 | ET29: =EQ29/24 -> 0.14151667 | EU29: =AJ29-ES29 -> 37.4666 | EY29: 19 | EZ29: 9638 | FA29: 3.4711 | FB29: 0.4651 | FC29: 0.1772 | FD29: =FA29/24 -> 0.14462917 | FE29: =AJ29-FC29 -> 37.4628 | FG29: =FE29-EU29 -> -0.0038 | FI29: 19 | FJ29: 9638 | FK29: 3.5706 | FL29: 0.4785 | FM29: 0.1823 | FN29: =FK29/24 -> 0.148775 | FO29: =AJ29-FM29 -> 37.4577 | FP29: =FO29-FE29 -> -0.0051 | FS29: 19 | FT29: 9638 | FU29: 3.5911 | FV29: 0.4812 | FW29: 0.1833 | FX29: =FU29/24 -> 0.14962917 | FY29: =AJ29-FW29 -> 37.4567 | FZ29: =FU29-FK29 -> 0.0205 | GC29: 19 | GD29: 9638 | GE29: 3.6418 | GF29: 0.488 | GG29: 0.1859 | GH29: =GE29/24 -> 0.15174167 | GI29: =$AJ29-GG29 -> 37.4541 | GJ29: =GE29-FU29 -> 0.0507 | GM29: 19 | GN29: 9638 | GO29: 3.7491 | GP29: 0.5024 | GQ29: 0.1914 | GR29: =GO29/24 -> 0.1562125 | GS29: =$AJ29-GQ29 -> 37.4486 | GT29: =GO29-GE29 -> 0.1073 | GW29: 19 | GX29: 9638 | GY29: =VLOOKUP(GX29,Sheet3!$AJ$7:$AN$83,2,0) -> 3.8853 | GZ29: =VLOOKUP(GX29,Sheet3!$AJ$7:$AN$83,3,0) -> 0.5206 | HA29: =VLOOKUP(GX29,Sheet3!$AJ$7:$AN$83,4,0) -> 0.1984 | HB29: =GY29/24 -> 0.1618875 | HC29: =$AJ29-HA29 -> 37.4416 | HD29: =GY29-GO29 -> 0.1362 | HE29: =HA29-GQ29 -> 0.007 | HH29: 19 | HI29: 9638 | HJ29: 3.9403 | HK29: 0.528 | HL29: 0.2012 | HM29: =HJ29/24 -> 0.16417917 | HN29: =$AJ29-HL29 -> 37.4388 | HO29: =HJ29-GY29 -> 0.055 | HR29: 19 | HS29: 9638 | HT29: 3.9761 | HU29: 0.5328 | HV29: 0.203 | HW29: =HT29/24 -> 0.16567083 | HX29: =$AJ29-HV29 -> 37.437 | HY29: =HT29-HJ29 -> 0.0358 | IB29: 19 | IC29: 9638 | ID29: 3.9916 | IE29: 0.5349 | IF29: 0.2038 | IG29: =ID29/24 -> 0.16631667 | IH29: =$AJ29-IF29 -> 37.4362 | II29: =ID29-HT29 -> 0.0155 | IL29: 19 | IM29: 9638 | IN29: 4.0732 | IO29: 0.5458 | IP29: 0.208 | IQ29: =IN29/24 -> 0.16971667 | IR29: =$AJ29-IP29 -> 37.432 | IS29: =IN29-ID29 -> 0.0816 | IV29: 19 | IW29: 9638 | IX29: 4.1834 | IY29: 0.5606 | IZ29: 0.2136 | JA29: =IX29/24 -> 0.17430833 | JB29: =$AJ29-IZ29 -> 37.4264 | JC29: =IX29-IN29 -> 0.1102 | JF29: 19 | JG29: 9638 | JH29: 4.2184 | JI29: 0.5653 | JJ29: 0.2154 | JK29: =JH29/24 -> 0.17576667 | JL29: =$AJ29-JJ29 -> 37.4246 | JM29: =JH29-IX29 -> 0.035 | JP29: 19 | JQ29: 9638 | JR29: 4.2466 | JS29: 0.5691 | JT29: 0.2168 | JU29: =JR29/24 -> 0.17694167 | JV29: =$AJ29-JT29 -> 37.4232 | JW29: =JR29-JH29 -> 0.0282 | JZ29: 19 | KA29: 9638 | KB29: 4.3126 | KC29: 0.5779 | KD29: 0.2202 | KE29: =KB29/24 -> 0.17969167 | KF29: =$AJ29-KD29 -> 37.4198 | KG29: =KB29-JR29 -> 0.066 | KJ29: 19 | KK29: 9638 | KL29: 4.3347 | KM29: 0.5809 | KN29: 0.2213 | KO29: =KL29/24 -> 0.1806125 | KP29: =$AJ29-KN29 -> 37.4187 | KQ29: =KL29-KB29 -> 0.0221 | KT29: 19 | KU29: 9638 | KV29: 4.3579 | KW29: 0.584 | KX29: 0.2225 | KY29: =KV29/24 -> 0.18157917 | KZ29: =$AJ29-KX29 -> 37.4175 | LA29: =KV29-KL29 -> 0.0232 | LD29: 19 | LE29: 9638 | LF29: 4.3773 | LG29: 0.5866 | LH29: 0.2235 | LI29: =LF29/24 -> 0.1823875 | LJ29: =$AJ29-LH29 -> 37.4165 | LK29: =LF29-KV29 -> 0.0194 | LN29: 19 | LO29: 9638 | LP29: 4.4045 | LQ29: 0.5902 | LR29: 0.2249 | LS29: =LP29/24 -> 0.18352083 | LT29: =$AJ29-LR29 -> 37.4151 | LU29: =LP29-LF29 -> 0.0272 | LX29: 19 | LY29: 9638 | LZ29: 4.4351 | MA29: 0.5943 | MB29: 0.2264 | MC29: =LZ29/24 -> 0.18479583 | MD29: =$AJ29-MB29 -> 37.4136 | ME29: =LZ29-LP29 -> 0.0306 | MH29: 19 | MI29: 9638 | MJ29: 4.4652 | MK29: 0.5984 | ML29: 0.228 | MM29: =MJ29/24 -> 0.18605 | MN29: =$AJ29-ML29 -> 37.412 | MO29: =MJ29-LZ29 -> 0.0301 | MR29: 19 | MS29: 9638 | MT29: 4.5227 | MU29: 0.6061 | MV29: 0.2309 | MW29: =MT29/24 -> 0.18844583 | MX29: =$AJ29-MV29 -> 37.4091 | MY29: =MT29-MJ29 -> 0.0575 | NB29: 19 | NC29: 9638 | ND29: 4.5815 | NE29: 0.6139 | NF29: 0.2339 | NG29: =ND29/24 -> 0.19089583 | NH29: =$AJ29-NF29 -> 37.4061 | NI29: =ND29-MT29 -> 0.0588 | NL29: 19 | NM29: 9638 | NN29: 4.5988 | NO29: 0.6163 | NP29: 0.2348 | NQ29: =NN29/24 -> 0.19161667 | NR29: =$AJ29-NP29 -> 37.4052 | NS29: =NN29-ND29 -> 0.0173 | NV29: 19 | NW29: 9638 | NX29: 4.6262 | NY29: 0.6199 | NZ29: 0.2362 | OA29: =NX29/24 -> 0.19275833 | OB29: =$AJ29-NZ29 -> 37.4038 | OC29: =NX29-NN29 -> 0.0274 | OF29: 19 | OG29: 9638 | OH29: 4.64 | OI29: 0.6218 | OJ29: 0.2369 | OK29: =OH29/24 -> 0.19333333 | OL29: =$AJ29-OJ29 -> 37.4031 | OM29: =OH29-NX29 -> 0.0138 | OP29: 19 | OQ29: 9638 | OR29: =VLOOKUP(OQ29,Sheet4!A10:F86,3,0) -> 4.6716 | OS29: =VLOOKUP(OQ29,Sheet4!A10:F86,4,0) -> 0.626 | OT29: =VLOOKUP(OQ29,Sheet4!A10:F86,5,0) -> 0.2385 | OU29: =OR29/24 -> 0.19465 | OV29: =$AJ29-OT29 -> 37.4015 | OW29: =OR29-OH29 -> 0.0316
A30: 22 | B30: 9878 | C30: B | D30: 37.7 | J30: 9878 | K30: 7.8169 | L30: 1.0475 | M30: 0.3991 | N30: =K30/24 -> 0.32570417 | O30: =D30-M30 -> 37.3009 | R30: 9878 | S30: 7.887 | T30: 1.0569 | U30: 0.4027 | V30: =S30/24 -> 0.328625 | W30: =D30-U30 -> 37.2973 | Z30: 9878 | AA30: 8.0594 | AB30: 1.08 | AC30: 0.4115 | AD30: =AA30/24 -> 0.33580833 | AE30: =D30-AC30 -> 37.2885 | AG30: 22 | AH30: 9878 | AI30: B | AJ30: 37.7 | AL30: 9878 | AM30: 8.247 | AN30: 1.1051 | AO30: 0.4211 | AP30: =AM30/24 -> 0.343625 | AQ30: =AJ30-AO30 -> 37.2789 | AU30: 9878 | AV30: 8.3268 | AW30: 1.1158 | AX30: 0.4251 | AY30: =AV30/24 -> 0.34695 | AZ30: =AJ30-AX30 -> 37.2749 | BD30: 9878 | BE30: 8.3358 | BF30: 1.117 | BG30: 0.4256 | BH30: =BE30/24 -> 0.347325 | BI30: =AJ30-BG30 -> 37.2744 | BN30: 9878 | BO30: 8.3695 | BP30: 1.1215 | BQ30: 0.4273 | BR30: =BO30/24 -> 0.34872917 | BS30: =AJ30-BQ30 -> 37.2727 | BX30: 9878 | BY30: 8.4358 | BZ30: 1.1304 | CA30: 0.4307 | CB30: =BY30/24 -> 0.35149167 | CC30: =AJ30-CA30 -> 37.2693 | CG30: 20 | CH30: 9878 | CI30: 8.4928 | CJ30: 1.1381 | CK30: 0.4336 | CL30: =CI30/24 -> 0.35386667 | CM30: =AJ30-CK30 -> 37.2664 | CQ30: 20 | CR30: 9878 | CS30: 8.5645 | CT30: 1.1477 | CU30: 0.4373 | CV30: =CS30/24 -> 0.35685417 | CW30: =AJ30-CU30 -> 37.2627 | DA30: 20 | DB30: 9878 | DC30: 8.5715 | DD30: 1.1486 | DE30: 0.4376 | DF30: =DC30/24 -> 0.35714583 | DG30: =AJ30-DE30 -> 37.2624 | DK30: 20 | DL30: 9878 | DM30: 8.6533 | DN30: 1.1596 | DO30: 0.4418 | DP30: =DM30/24 -> 0.36055417 | DQ30: =AJ30-DO30 -> 37.2582 | DS30: =DM30-DC30 -> 0.0818 | DU30: 20 | DV30: 9878 | DW30: 8.7043 | DX30: 1.1664 | DY30: 0.4444 | DZ30: =DW30/24 -> 0.36267917 | EA30: =AJ30-DY30 -> 37.2556 | EE30: 20 | EF30: 9878 | EG30: 8.784 | EH30: 1.1771 | EI30: 0.4485 | EJ30: =EG30/24 -> 0.366 | EK30: =AJ30-EI30 -> 37.2515 | EM30: =EK30-EA30 -> -0.0041 | EO30: 20 | EP30: 9878 | EQ30: 8.9424 | ER30: 1.1983 | ES30: 0.4566 | ET30: =EQ30/24 -> 0.3726 | EU30: =AJ30-ES30 -> 37.2434 | EY30: 20 | EZ30: 9878 | FA30: 9.0171 | FB30: 1.2083 | FC30: 0.4604 | FD30: =FA30/24 -> 0.3757125 | FE30: =AJ30-FC30 -> 37.2396 | FG30: =FE30-EU30 -> -0.0038 | FI30: 20 | FJ30: 9878 | FK30: 9.1166 | FL30: 1.2217 | FM30: 0.4655 | FN30: =FK30/24 -> 0.37985833 | FO30: =AJ30-FM30 -> 37.2345 | FP30: =FO30-FE30 -> -0.0051 | FS30: 20 | FT30: 9878 | FU30: 9.1371 | FV30: 1.2244 | FW30: 0.4665 | FX30: =FU30/24 -> 0.3807125 | FY30: =AJ30-FW30 -> 37.2335 | FZ30: =FU30-FK30 -> 0.0205 | GC30: 20 | GD30: 9878 | GE30: 9.1878 | GF30: 1.2312 | GG30: 0.4691 | GH30: =GE30/24 -> 0.382825 | GI30: =$AJ30-GG30 -> 37.2309 | GJ30: =GE30-FU30 -> 0.0507 | GM30: 20 | GN30: 9878 | GO30: 9.2951 | GP30: 1.2456 | GQ30: 0.4746 | GR30: =GO30/24 -> 0.38729583 | GS30: =$AJ30-GQ30 -> 37.2254 | GT30: =GO30-GE30 -> 0.1073 | GW30: 20 | GX30: 9878 | GY30: =VLOOKUP(GX30,Sheet3!$AJ$7:$AN$83,2,0) -> 9.4313 | GZ30: =VLOOKUP(GX30,Sheet3!$AJ$7:$AN$83,3,0) -> 1.2638 | HA30: =VLOOKUP(GX30,Sheet3!$AJ$7:$AN$83,4,0) -> 0.4815 | HB30: =GY30/24 -> 0.39297083 | HC30: =$AJ30-HA30 -> 37.2185 | HD30: =GY30-GO30 -> 0.1362 | HE30: =HA30-GQ30 -> 0.0069 | HH30: 20 | HI30: 9878 | HJ30: 9.4863 | HK30: 1.2712 | HL30: 0.4843 | HM30: =HJ30/24 -> 0.3952625 | HN30: =$AJ30-HL30 -> 37.2157 | HO30: =HJ30-GY30 -> 0.055 | HR30: 20 | HS30: 9878 | HT30: 9.5221 | HU30: 1.276 | HV30: 0.4862 | HW30: =HT30/24 -> 0.39675417 | HX30: =$AJ30-HV30 -> 37.2138 | HY30: =HT30-HJ30 -> 0.0358 | IB30: 20 | IC30: 9878 | ID30: 9.5376 | IE30: 1.2781 | IF30: 0.4869 | IG30: =ID30/24 -> 0.3974 | IH30: =$AJ30-IF30 -> 37.2131 | II30: =ID30-HT30 -> 0.0155 | IL30: 20 | IM30: 9878 | IN30: 9.6192 | IO30: 1.289 | IP30: 0.4911 | IQ30: =IN30/24 -> 0.4008 | IR30: =$AJ30-IP30 -> 37.2089 | IS30: =IN30-ID30 -> 0.0816 | IV30: 20 | IW30: 9878 | IX30: 9.7294 | IY30: 1.3038 | IZ30: 0.4967 | JA30: =IX30/24 -> 0.40539167 | JB30: =$AJ30-IZ30 -> 37.2033 | JC30: =IX30-IN30 -> 0.1102 | JF30: 20 | JG30: 9878 | JH30: 9.7644 | JI30: 1.3085 | JJ30: 0.4985 | JK30: =JH30/24 -> 0.40685 | JL30: =$AJ30-JJ30 -> 37.2015 | JM30: =JH30-IX30 -> 0.035 | JP30: 20 | JQ30: 9878 | JR30: 9.7926 | JS30: 1.3122 | JT30: 0.5 | JU30: =JR30/24 -> 0.408025 | JV30: =$AJ30-JT30 -> 37.2 | JW30: =JR30-JH30 -> 0.0282 | JZ30: 20 | KA30: 9878 | KB30: 9.8586 | KC30: 1.3211 | KD30: 0.5033 | KE30: =KB30/24 -> 0.410775 | KF30: =$AJ30-KD30 -> 37.1967 | KG30: =KB30-JR30 -> 0.066 | KJ30: 20 | KK30: 9878 | KL30: 9.8806 | KM30: 1.324 | KN30: 0.5045 | KO30: =KL30/24 -> 0.41169167 | KP30: =$AJ30-KN30 -> 37.1955 | KQ30: =KL30-KB30 -> 0.022 | KT30: 20 | KU30: 9878 | KV30: 9.9038 | KW30: 1.3271 | KX30: 0.5056 | KY30: =KV30/24 -> 0.41265833 | KZ30: =$AJ30-KX30 -> 37.1944 | LA30: =KV30-KL30 -> 0.0232 | LD30: 20 | LE30: 9878 | LF30: 9.9232 | LG30: 1.3297 | LH30: 0.5066 | LI30: =LF30/24 -> 0.41346667 | LJ30: =$AJ30-LH30 -> 37.1934 | LK30: =LF30-KV30 -> 0.0194 | LN30: 20 | LO30: 9878 | LP30: 9.9504 | LQ30: 1.3334 | LR30: 0.508 | LS30: =LP30/24 -> 0.4146 | LT30: =$AJ30-LR30 -> 37.192 | LU30: =LP30-LF30 -> 0.0272 | LX30: 20 | LY30: 9878 | LZ30: 9.981 | MA30: 1.3375 | MB30: 0.5096 | MC30: =LZ30/24 -> 0.415875 | MD30: =$AJ30-MB30 -> 37.1904 | ME30: =LZ30-LP30 -> 0.0306 | MH30: 20 | MI30: 9878 | MJ30: 10.0111 | MK30: 1.3415 | ML30: 0.5111 | MM30: =MJ30/24 -> 0.41712917 | MN30: =$AJ30-ML30 -> 37.1889 | MO30: =MJ30-LZ30 -> 0.0301 | MR30: 20 | MS30: 9878 | MT30: 10.0686 | MU30: 1.3492 | MV30: 0.5141 | MW30: =MT30/24 -> 0.419525 | MX30: =$AJ30-MV30 -> 37.1859 | MY30: =MT30-MJ30 -> 0.0575 | NB30: 20 | NC30: 9878 | ND30: 10.1274 | NE30: 1.3571 | NF30: 0.5171 | NG30: =ND30/24 -> 0.421975 | NH30: =$AJ30-NF30 -> 37.1829 | NI30: =ND30-MT30 -> 0.0588 | NL30: 20 | NM30: 9878 | NN30: 10.1447 | NO30: 1.3594 | NP30: 0.5179 | NQ30: =NN30/24 -> 0.42269583 | NR30: =$AJ30-NP30 -> 37.1821 | NS30: =NN30-ND30 -> 0.0173 | NV30: 20 | NW30: 9878 | NX30: 10.1721 | NY30: 1.3631 | NZ30: 0.5193 | OA30: =NX30/24 -> 0.4238375 | OB30: =$AJ30-NZ30 -> 37.1807 | OC30: =NX30-NN30 -> 0.0274 | OF30: 20 | OG30: 9878 | OH30: 10.1859 | OI30: 1.365 | OJ30: 0.52 | OK30: =OH30/24 -> 0.4244125 | OL30: =$AJ30-OJ30 -> 37.18 | OM30: =OH30-NX30 -> 0.0138 | OP30: 20 | OQ30: 9878 | OR30: =VLOOKUP(OQ30,Sheet4!A11:F87,3,0) -> 10.2175 | OS30: =VLOOKUP(OQ30,Sheet4!A11:F87,4,0) -> 1.3692 | OT30: =VLOOKUP(OQ30,Sheet4!A11:F87,5,0) -> 0.5217 | OU30: =OR30/24 -> 0.42572917 | OV30: =$AJ30-OT30 -> 37.1783 | OW30: =OR30-OH30 -> 0.0316
A31: 23 | B31: 9879 | C31: B | D31: 37.84 | J31: 9879 | K31: 8.0985 | L31: 1.0852 | M31: 0.4135 | N31: =K31/24 -> 0.3374375 | O31: =D31-M31 -> 37.4265 | R31: 9879 | S31: 8.1686 | T31: 1.0946 | U31: 0.4171 | V31: =S31/24 -> 0.34035833 | W31: =D31-U31 -> 37.4229 | Z31: 9879 | AA31: 8.341 | AB31: 1.1177 | AC31: 0.4259 | AD31: =AA31/24 -> 0.34754167 | AE31: =D31-AC31 -> 37.4141 | AG31: 23 | AH31: 9879 | AI31: B | AJ31: 37.84 | AL31: 9879 | AM31: 8.5286 | AN31: 1.1429 | AO31: 0.4354 | AP31: =AM31/24 -> 0.35535833 | AQ31: =AJ31-AO31 -> 37.4046 | AU31: 9879 | AV31: 8.6084 | AW31: 1.1536 | AX31: 0.4395 | AY31: =AV31/24 -> 0.35868333 | AZ31: =AJ31-AX31 -> 37.4005 | BD31: 9879 | BE31: 8.6174 | BF31: 1.1548 | BG31: 0.44 | BH31: =BE31/24 -> 0.35905833 | BI31: =AJ31-BG31 -> 37.4 | BN31: 9879 | BO31: 8.6511 | BP31: 1.1593 | BQ31: 0.4417 | BR31: =BO31/24 -> 0.3604625 | BS31: =AJ31-BQ31 -> 37.3983 | BX31: 9879 | BY31: 8.7174 | BZ31: 1.1682 | CA31: 0.4451 | CB31: =BY31/24 -> 0.363225 | CC31: =AJ31-CA31 -> 37.3949 | CG31: 21 | CH31: 9879 | CI31: 8.7744 | CJ31: 1.1758 | CK31: 0.448 | CL31: =CI31/24 -> 0.3656 | CM31: =AJ31-CK31 -> 37.392 | CQ31: 21 | CR31: 9879 | CS31: 8.8461 | CT31: 1.1854 | CU31: 0.4516 | CV31: =CS31/24 -> 0.3685875 | CW31: =AJ31-CU31 -> 37.3884 | DA31: 21 | DB31: 9879 | DC31: 8.8531 | DD31: 1.1863 | DE31: 0.452 | DF31: =DC31/24 -> 0.36887917 | DG31: =AJ31-DE31 -> 37.388 | DK31: 21 | DL31: 9879 | DM31: 8.9349 | DN31: 1.1973 | DO31: 0.4562 | DP31: =DM31/24 -> 0.3722875 | DQ31: =AJ31-DO31 -> 37.3838 | DS31: =DM31-DC31 -> 0.0818 | DU31: 21 | DV31: 9879 | DW31: 8.9859 | DX31: 1.2041 | DY31: 0.4588 | DZ31: =DW31/24 -> 0.3744125 | EA31: =AJ31-DY31 -> 37.3812 | EE31: 21 | EF31: 9879 | EG31: 9.0656 | EH31: 1.2148 | EI31: 0.4628 | EJ31: =EG31/24 -> 0.37773333 | EK31: =AJ31-EI31 -> 37.3772 | EM31: =EK31-EA31 -> -0.004 | EO31: 21 | EP31: 9879 | EQ31: 9.224 | ER31: 1.2361 | ES31: 0.4709 | ET31: =EQ31/24 -> 0.38433333 | EU31: =AJ31-ES31 -> 37.3691 | EY31: 21 | EZ31: 9879 | FA31: 9.2987 | FB31: 1.2461 | FC31: 0.4747 | FD31: =FA31/24 -> 0.38744583 | FE31: =AJ31-FC31 -> 37.3653 | FG31: =FE31-EU31 -> -0.0038 | FI31: 21 | FJ31: 9879 | FK31: 9.3982 | FL31: 1.2594 | FM31: 0.4798 | FN31: =FK31/24 -> 0.39159167 | FO31: =AJ31-FM31 -> 37.3602 | FP31: =FO31-FE31 -> -0.0051 | FS31: 21 | FT31: 9879 | FU31: 9.4187 | FV31: 1.2621 | FW31: 0.4809 | FX31: =FU31/24 -> 0.39244583 | FY31: =AJ31-FW31 -> 37.3591 | FZ31: =FU31-FK31 -> 0.0205 | GC31: 21 | GD31: 9879 | GE31: 9.4694 | GF31: 1.2689 | GG31: 0.4835 | GH31: =GE31/24 -> 0.39455833 | GI31: =$AJ31-GG31 -> 37.3565 | GJ31: =GE31-FU31 -> 0.0507 | GM31: 21 | GN31: 9879 | GO31: 9.5767 | GP31: 1.2833 | GQ31: 0.4889 | GR31: =GO31/24 -> 0.39902917 | GS31: =$AJ31-GQ31 -> 37.3511 | GT31: =GO31-GE31 -> 0.1073 | GW31: 21 | GX31: 9879 | GY31: =VLOOKUP(GX31,Sheet3!$AJ$7:$AN$83,2,0) -> 9.7129 | GZ31: =VLOOKUP(GX31,Sheet3!$AJ$7:$AN$83,3,0) -> 1.3016 | HA31: =VLOOKUP(GX31,Sheet3!$AJ$7:$AN$83,4,0) -> 0.4959 | HB31: =GY31/24 -> 0.40470417 | HC31: =$AJ31-HA31 -> 37.3441 | HD31: =GY31-GO31 -> 0.1362 | HE31: =HA31-GQ31 -> 0.007 | HH31: 21 | HI31: 9879 | HJ31: 9.7679 | HK31: 1.3089 | HL31: 0.4987 | HM31: =HJ31/24 -> 0.40699583 | HN31: =$AJ31-HL31 -> 37.3413 | HO31: =HJ31-GY31 -> 0.055 | HR31: 21 | HS31: 9879 | HT31: 9.8037 | HU31: 1.3137 | HV31: 0.5005 | HW31: =HT31/24 -> 0.4084875 | HX31: =$AJ31-HV31 -> 37.3395 | HY31: =HT31-HJ31 -> 0.0358 | IB31: 21 | IC31: 9879 | ID31: 9.8192 | IE31: 1.3158 | IF31: 0.5013 | IG31: =ID31/24 -> 0.40913333 | IH31: =$AJ31-IF31 -> 37.3387 | II31: =ID31-HT31 -> 0.0155 | IL31: 21 | IM31: 9879 | IN31: 9.9008 | IO31: 1.3267 | IP31: 0.5055 | IQ31: =IN31/24 -> 0.41253333 | IR31: =$AJ31-IP31 -> 37.3345 | IS31: =IN31-ID31 -> 0.0816 | IV31: 21 | IW31: 9879 | IX31: 10.011 | IY31: 1.3415 | IZ31: 0.5111 | JA31: =IX31/24 -> 0.417125 | JB31: =$AJ31-IZ31 -> 37.3289 | JC31: =IX31-IN31 -> 0.1102 | JF31: 21 | JG31: 9879 | JH31: 10.046 | JI31: 1.3462 | JJ31: 0.5129 | JK31: =JH31/24 -> 0.41858333 | JL31: =$AJ31-JJ31 -> 37.3271 | JM31: =JH31-IX31 -> 0.035 | JP31: 21 | JQ31: 9879 | JR31: 10.0742 | JS31: 1.35 | JT31: 0.5143 | JU31: =JR31/24 -> 0.41975833 | JV31: =$AJ31-JT31 -> 37.3257 | JW31: =JR31-JH31 -> 0.0282 | JZ31: 21 | KA31: 9879 | KB31: 10.1402 | KC31: 1.3588 | KD31: 0.5177 | KE31: =KB31/24 -> 0.42250833 | KF31: =$AJ31-KD31 -> 37.3223 | KG31: =KB31-JR31 -> 0.066 | KJ31: 21 | KK31: 9879 | KL31: 10.1622 | KM31: 1.3618 | KN31: 0.5188 | KO31: =KL31/24 -> 0.423425 | KP31: =$AJ31-KN31 -> 37.3212 | KQ31: =KL31-KB31 -> 0.022 | KT31: 21 | KU31: 9879 | KV31: 10.1854 | KW31: 1.3649 | KX31: 0.52 | KY31: =KV31/24 -> 0.42439167 | KZ31: =$AJ31-KX31 -> 37.32 | LA31: =KV31-KL31 -> 0.0232 | LD31: 21 | LE31: 9879 | LF31: 10.2048 | LG31: 1.3675 | LH31: 0.521 | LI31: =LF31/24 -> 0.4252 | LJ31: =$AJ31-LH31 -> 37.319 | LK31: =LF31-KV31 -> 0.0194 | LN31: 21 | LO31: 9879 | LP31: 10.232 | LQ31: 1.3711 | LR31: 0.5224 | LS31: =LP31/24 -> 0.42633333 | LT31: =$AJ31-LR31 -> 37.3176 | LU31: =LP31-LF31 -> 0.0272 | LX31: 21 | LY31: 9879 | LZ31: 10.2626 | MA31: 1.3752 | MB31: 0.524 | MC31: =LZ31/24 -> 0.42760833 | MD31: =$AJ31-MB31 -> 37.316 | ME31: =LZ31-LP31 -> 0.0306 | MH31: 21 | MI31: 9879 | MJ31: 10.2927 | MK31: 1.3793 | ML31: 0.5255 | MM31: =MJ31/24 -> 0.4288625 | MN31: =$AJ31-ML31 -> 37.3145 | MO31: =MJ31-LZ31 -> 0.0301 | MR31: 21 | MS31: 9879 | MT31: 10.3502 | MU31: 1.387 | MV31: 0.5284 | MW31: =MT31/24 -> 0.43125833 | MX31: =$AJ31-MV31 -> 37.3116 | MY31: =MT31-MJ31 -> 0.0575 | NB31: 21 | NC31: 9879 | ND31: 10.409 | NE31: 1.3948 | NF31: 0.5314 | NG31: =ND31/24 -> 0.43370833 | NH31: =$AJ31-NF31 -> 37.3086 | NI31: =ND31-MT31 -> 0.0588 | NL31: 21 | NM31: 9879 | NN31: 10.4263 | NO31: 1.3972 | NP31: 0.5323 | NQ31: =NN31/24 -> 0.43442917 | NR31: =$AJ31-NP31 -> 37.3077 | NS31: =NN31-ND31 -> 0.0173 | NV31: 21 | NW31: 9879 | NX31: 10.4537 | NY31: 1.4008 | NZ31: 0.5337 | OA31: =NX31/24 -> 0.43557083 | OB31: =$AJ31-NZ31 -> 37.3063 | OC31: =NX31-NN31 -> 0.0274 | OF31: 21 | OG31: 9879 | OH31: 10.4675 | OI31: 1.4027 | OJ31: 0.5344 | OK31: =OH31/24 -> 0.43614583 | OL31: =$AJ31-OJ31 -> 37.3056 | OM31: =OH31-NX31 -> 0.0138 | OP31: 21 | OQ31: 9879 | OR31: =VLOOKUP(OQ31,Sheet4!A12:F88,3,0) -> 10.4991 | OS31: =VLOOKUP(OQ31,Sheet4!A12:F88,4,0) -> 1.4069 | OT31: =VLOOKUP(OQ31,Sheet4!A12:F88,5,0) -> 0.536 | OU31: =OR31/24 -> 0.4374625 | OV31: =$AJ31-OT31 -> 37.304 | OW31: =OR31-OH31 -> 0.0316
A32: 24 | B32: 9978 | C32: B | D32: 37.72 | J32: 9978 | K32: 7.9689 | L32: 1.0679 | M32: 0.4069 | N32: =K32/24 -> 0.3320375 | O32: =D32-M32 -> 37.3131 | R32: 9978 | S32: 8.039 | T32: 1.0773 | U32: 0.4104 | V32: =S32/24 -> 0.33495833 | W32: =D32-U32 -> 37.3096 | Z32: 9978 | AA32: 8.2114 | AB32: 1.1004 | AC32: 0.4192 | AD32: =AA32/24 -> 0.34214167 | AE32: =D32-AC32 -> 37.3008 | AG32: 24 | AH32: 9978 | AI32: B | AJ32: 37.72 | AL32: 9978 | AM32: 8.399 | AN32: 1.1255 | AO32: 0.4288 | AP32: =AM32/24 -> 0.34995833 | AQ32: =AJ32-AO32 -> 37.2912 | AU32: 9978 | AV32: 8.4788 | AW32: 1.1362 | AX32: 0.4329 | AY32: =AV32/24 -> 0.35328333 | AZ32: =AJ32-AX32 -> 37.2871 | BD32: 9978 | BE32: 8.4878 | BF32: 1.1374 | BG32: 0.4333 | BH32: =BE32/24 -> 0.35365833 | BI32: =AJ32-BG32 -> 37.2867 | BN32: 9978 | BO32: 8.5215 | BP32: 1.1419 | BQ32: 0.4351 | BR32: =BO32/24 -> 0.3550625 | BS32: =AJ32-BQ32 -> 37.2849 | BX32: 9978 | BY32: 8.5878 | BZ32: 1.1508 | CA32: 0.4385 | CB32: =BY32/24 -> 0.357825 | CC32: =AJ32-CA32 -> 37.2815 | CG32: 22 | CH32: 9978 | CI32: 8.6448 | CJ32: 1.1584 | CK32: 0.4414 | CL32: =CI32/24 -> 0.3602 | CM32: =AJ32-CK32 -> 37.2786 | CQ32: 22 | CR32: 9978 | CS32: 8.7165 | CT32: 1.168 | CU32: 0.445 | CV32: =CS32/24 -> 0.3631875 | CW32: =AJ32-CU32 -> 37.275 | DA32: 22 | DB32: 9978 | DC32: 8.7235 | DD32: 1.169 | DE32: 0.4454 | DF32: =DC32/24 -> 0.36347917 | DG32: =AJ32-DE32 -> 37.2746 | DK32: 22 | DL32: 9978 | DM32: 8.8053 | DN32: 1.1799 | DO32: 0.4496 | DP32: =DM32/24 -> 0.3668875 | DQ32: =AJ32-DO32 -> 37.2704 | DS32: =DM32-DC32 -> 0.0818 | DU32: 22 | DV32: 9978 | DW32: 8.8563 | DX32: 1.1868 | DY32: 0.4522 | DZ32: =DW32/24 -> 0.3690125 | EA32: =AJ32-DY32 -> 37.2678 | EE32: 22 | EF32: 9978 | EG32: 8.936 | EH32: 1.1975 | EI32: 0.4562 | EJ32: =EG32/24 -> 0.37233333 | EK32: =AJ32-EI32 -> 37.2638 | EM32: =EK32-EA32 -> -0.004 | EO32: 22 | EP32: 9978 | EQ32: 9.0944 | ER32: 1.2187 | ES32: 0.4643 | ET32: =EQ32/24 -> 0.37893333 | EU32: =AJ32-ES32 -> 37.2557 | EY32: 22 | EZ32: 9978 | FA32: 9.1691 | FB32: 1.2287 | FC32: 0.4681 | FD32: =FA32/24 -> 0.38204583 | FE32: =AJ32-FC32 -> 37.2519 | FG32: =FE32-EU32 -> -0.0038 | FI32: 22 | FJ32: 9978 | FK32: 9.2686 | FL32: 1.242 | FM32: 0.4732 | FN32: =FK32/24 -> 0.38619167 | FO32: =AJ32-FM32 -> 37.2468 | FP32: =FO32-FE32 -> -0.0051 | FS32: 22 | FT32: 9978 | FU32: 9.2891 | FV32: 1.2448 | FW32: 0.4743 | FX32: =FU32/24 -> 0.38704583 | FY32: =AJ32-FW32 -> 37.2457 | FZ32: =FU32-FK32 -> 0.0205 | GC32: 22 | GD32: 9978 | GE32: 9.3398 | GF32: 1.2516 | GG32: 0.4768 | GH32: =GE32/24 -> 0.38915833 | GI32: =$AJ32-GG32 -> 37.2432 | GJ32: =GE32-FU32 -> 0.0507 | GM32: 22 | GN32: 9978 | GO32: 9.4471 | GP32: 1.2659 | GQ32: 0.4823 | GR32: =GO32/24 -> 0.39362917 | GS32: =$AJ32-GQ32 -> 37.2377 | GT32: =GO32-GE32 -> 0.1073 | GW32: 22 | GX32: 9978 | GY32: =VLOOKUP(GX32,Sheet3!$AJ$7:$AN$83,2,0) -> 9.5833 | GZ32: =VLOOKUP(GX32,Sheet3!$AJ$7:$AN$83,3,0) -> 1.2842 | HA32: =VLOOKUP(GX32,Sheet3!$AJ$7:$AN$83,4,0) -> 0.4893 | HB32: =GY32/24 -> 0.39930417 | HC32: =$AJ32-HA32 -> 37.2307 | HD32: =GY32-GO32 -> 0.1362 | HE32: =HA32-GQ32 -> 0.007 | HH32: 22 | HI32: 9978 | HJ32: 9.6383 | HK32: 1.2916 | HL32: 0.4921 | HM32: =HJ32/24 -> 0.40159583 | HN32: =$AJ32-HL32 -> 37.2279 | HO32: =HJ32-GY32 -> 0.055 | HR32: 22 | HS32: 9978 | HT32: 9.6741 | HU32: 1.2964 | HV32: 0.4939 | HW32: =HT32/24 -> 0.4030875 | HX32: =$AJ32-HV32 -> 37.2261 | HY32: =HT32-HJ32 -> 0.0358 | IB32: 22 | IC32: 9978 | ID32: 9.6896 | IE32: 1.2984 | IF32: 0.4947 | IG32: =ID32/24 -> 0.40373333 | IH32: =$AJ32-IF32 -> 37.2253 | II32: =ID32-HT32 -> 0.0155 | IL32: 22 | IM32: 9978 | IN32: 9.7712 | IO32: 1.3094 | IP32: 0.4989 | IQ32: =IN32/24 -> 0.40713333 | IR32: =$AJ32-IP32 -> 37.2211 | IS32: =IN32-ID32 -> 0.0816 | IV32: 22 | IW32: 9978 | IX32: 9.8814 | IY32: 1.3241 | IZ32: 0.5045 | JA32: =IX32/24 -> 0.411725 | JB32: =$AJ32-IZ32 -> 37.2155 | JC32: =IX32-IN32 -> 0.1102 | JF32: 22 | JG32: 9978 | JH32: 9.9164 | JI32: 1.3288 | JJ32: 0.5063 | JK32: =JH32/24 -> 0.41318333 | JL32: =$AJ32-JJ32 -> 37.2137 | JM32: =JH32-IX32 -> 0.035 | JP32: 22 | JQ32: 9978 | JR32: 9.9446 | JS32: 1.3326 | JT32: 0.5077 | JU32: =JR32/24 -> 0.41435833 | JV32: =$AJ32-JT32 -> 37.2123 | JW32: =JR32-JH32 -> 0.0282 | JZ32: 22 | KA32: 9978 | KB32: 10.0106 | KC32: 1.3415 | KD32: 0.5111 | KE32: =KB32/24 -> 0.41710833 | KF32: =$AJ32-KD32 -> 37.2089 | KG32: =KB32-JR32 -> 0.066 | KJ32: 22 | KK32: 9978 | KL32: 10.0326 | KM32: 1.3444 | KN32: 0.5122 | KO32: =KL32/24 -> 0.418025 | KP32: =$AJ32-KN32 -> 37.2078 | KQ32: =KL32-KB32 -> 0.022 | KT32: 22 | KU32: 9978 | KV32: 10.0558 | KW32: 1.3475 | KX32: 0.5134 | KY32: =KV32/24 -> 0.41899167 | KZ32: =$AJ32-KX32 -> 37.2066 | LA32: =KV32-KL32 -> 0.0232 | LD32: 22 | LE32: 9978 | LF32: 10.0752 | LG32: 1.3501 | LH32: 0.5144 | LI32: =LF32/24 -> 0.4198 | LJ32: =$AJ32-LH32 -> 37.2056 | LK32: =LF32-KV32 -> 0.0194 | LN32: 22 | LO32: 9978 | LP32: 10.1024 | LQ32: 1.3538 | LR32: 0.5158 | LS32: =LP32/24 -> 0.42093333 | LT32: =$AJ32-LR32 -> 37.2042 | LU32: =LP32-LF32 -> 0.0272 | LX32: 22 | LY32: 9978 | LZ32: 10.133 | MA32: 1.3579 | MB32: 0.5173 | MC32: =LZ32/24 -> 0.42220833 | MD32: =$AJ32-MB32 -> 37.2027 | ME32: =LZ32-LP32 -> 0.0306 | MH32: 22 | MI32: 9978 | MJ32: 10.1631 | MK32: 1.3619 | ML32: 0.5189 | MM32: =MJ32/24 -> 0.4234625 | MN32: =$AJ32-ML32 -> 37.2011 | MO32: =MJ32-LZ32 -> 0.0301 | MR32: 22 | MS32: 9978 | MT32: 10.2206 | MU32: 1.3696 | MV32: 0.5218 | MW32: =MT32/24 -> 0.42585833 | MX32: =$AJ32-MV32 -> 37.1982 | MY32: =MT32-MJ32 -> 0.0575 | NB32: 22 | NC32: 9978 | ND32: 10.2794 | NE32: 1.3775 | NF32: 0.5248 | NG32: =ND32/24 -> 0.42830833 | NH32: =$AJ32-NF32 -> 37.1952 | NI32: =ND32-MT32 -> 0.0588 | NL32: 22 | NM32: 9978 | NN32: 10.2967 | NO32: 1.3798 | NP32: 0.5257 | NQ32: =NN32/24 -> 0.42902917 | NR32: =$AJ32-NP32 -> 37.1943 | NS32: =NN32-ND32 -> 0.0173 | NV32: 22 | NW32: 9978 | NX32: 10.3241 | NY32: 1.3835 | NZ32: 0.5271 | OA32: =NX32/24 -> 0.43017083 | OB32: =$AJ32-NZ32 -> 37.1929 | OC32: =NX32-NN32 -> 0.0274 | OF32: 22 | OG32: 9978 | OH32: 10.3379 | OI32: 1.3853 | OJ32: 0.5278 | OK32: =OH32/24 -> 0.43074583 | OL32: =$AJ32-OJ32 -> 37.1922 | OM32: =OH32-NX32 -> 0.0138 | OP32: 22 | OQ32: 9978 | OR32: =VLOOKUP(OQ32,Sheet4!A13:F89,3,0) -> 10.3695 | OS32: =VLOOKUP(OQ32,Sheet4!A13:F89,4,0) -> 1.3896 | OT32: =VLOOKUP(OQ32,Sheet4!A13:F89,5,0) -> 0.5294 | OU32: =OR32/24 -> 0.4320625 | OV32: =$AJ32-OT32 -> 37.1906 | OW32: =OR32-OH32 -> 0.0316
A33: 25 | B33: 9997 | C33: B | D33: 38 | J33: 9997 | K33: 8.9567 | L33: 1.2002 | M33: 0.4573 | N33: =K33/24 -> 0.37319583 | O33: =D33-M33 -> 37.5427 | R33: 9997 | S33: 9.0268 | T33: 1.2096 | U33: 0.4609 | V33: =S33/24 -> 0.37611667 | W33: =D33-U33 -> 37.5391 | Z33: 9997 | AA33: 9.1992 | AB33: 1.2327 | AC33: 0.4697 | AD33: =AA33/24 -> 0.3833 | AE33: =D33-AC33 -> 37.5303 | AG33: 25 | AH33: 9997 | AI33: B | AJ33: 38 | AL33: 9997 | AM33: 9.3868 | AN33: 1.2579 | AO33: 0.4792 | AP33: =AM33/24 -> 0.39111667 | AQ33: =AJ33-AO33 -> 37.5208 | AU33: 9997 | AV33: 9.4666 | AW33: 1.2686 | AX33: 0.4833 | AY33: =AV33/24 -> 0.39444167 | AZ33: =AJ33-AX33 -> 37.5167 | BD33: 9997 | BE33: 9.4756 | BF33: 1.2698 | BG33: 0.4838 | BH33: =BE33/24 -> 0.39481667 | BI33: =AJ33-BG33 -> 37.5162 | BN33: 9997 | BO33: 9.5093 | BP33: 1.2743 | BQ33: 0.4855 | BR33: =BO33/24 -> 0.39622083 | BS33: =AJ33-BQ33 -> 37.5145 | BX33: 9997 | BY33: 9.5756 | BZ33: 1.2832 | CA33: 0.4889 | CB33: =BY33/24 -> 0.39898333 | CC33: =AJ33-CA33 -> 37.5111 | CG33: 23 | CH33: 9997 | CI33: 9.6326 | CJ33: 1.2908 | CK33: 0.4918 | CL33: =CI33/24 -> 0.40135833 | CM33: =AJ33-CK33 -> 37.5082 | CQ33: 23 | CR33: 9997 | CS33: 9.7043 | CT33: 1.3004 | CU33: 0.4955 | CV33: =CS33/24 -> 0.40434583 | CW33: =AJ33-CU33 -> 37.5045 | DA33: 23 | DB33: 9997 | DC33: 9.7113 | DD33: 1.3014 | DE33: 0.4958 | DF33: =DC33/24 -> 0.4046375 | DG33: =AJ33-DE33 -> 37.5042 | DK33: 23 | DL33: 9997 | DM33: 9.7931 | DN33: 1.3123 | DO33: 0.5 | DP33: =DM33/24 -> 0.40804583 | DQ33: =AJ33-DO33 -> 37.5 | DS33: =DM33-DC33 -> 0.0818 | DU33: 23 | DV33: 9997 | DW33: 9.8441 | DX33: 1.3191 | DY33: 0.5026 | DZ33: =DW33/24 -> 0.41017083 | EA33: =AJ33-DY33 -> 37.4974 | EE33: 23 | EF33: 9997 | EG33: 9.9238 | EH33: 1.3298 | EI33: 0.5067 | EJ33: =EG33/24 -> 0.41349167 | EK33: =AJ33-EI33 -> 37.4933 | EM33: =EK33-EA33 -> -0.0041 | EO33: 23 | EP33: 9997 | EQ33: 10.0822 | ER33: 1.3511 | ES33: 0.5148 | ET33: =EQ33/24 -> 0.42009167 | EU33: =AJ33-ES33 -> 37.4852 | EY33: 23 | EZ33: 9997 | FA33: 10.1569 | FB33: 1.3611 | FC33: 0.5186 | FD33: =FA33/24 -> 0.42320417 | FE33: =AJ33-FC33 -> 37.4814 | FG33: =FE33-EU33 -> -0.0038 | FI33: 23 | FJ33: 9997 | FK33: 10.2564 | FL33: 1.3744 | FM33: 0.5236 | FN33: =FK33/24 -> 0.42735 | FO33: =AJ33-FM33 -> 37.4764 | FP33: =FO33-FE33 -> -0.005 | FS33: 23 | FT33: 9997 | FU33: 10.2769 | FV33: 1.3771 | FW33: 0.5247 | FX33: =FU33/24 -> 0.42820417 | FY33: =AJ33-FW33 -> 37.4753 | FZ33: =FU33-FK33 -> 0.0205 | GC33: 23 | GD33: 9997 | GE33: 10.3276 | GF33: 1.3839 | GG33: 0.5273 | GH33: =GE33/24 -> 0.43031667 | GI33: =$AJ33-GG33 -> 37.4727 | GJ33: =GE33-FU33 -> 0.0507 | GM33: 23 | GN33: 9997 | GO33: 10.4349 | GP33: 1.3983 | GQ33: 0.5328 | GR33: =GO33/24 -> 0.4347875 | GS33: =$AJ33-GQ33 -> 37.4672 | GT33: =GO33-GE33 -> 0.1073 | GW33: 23 | GX33: 9997 | GY33: =VLOOKUP(GX33,Sheet3!$AJ$7:$AN$83,2,0) -> 10.5711 | GZ33: =VLOOKUP(GX33,Sheet3!$AJ$7:$AN$83,3,0) -> 1.4166 | HA33: =VLOOKUP(GX33,Sheet3!$AJ$7:$AN$83,4,0) -> 0.5397 | HB33: =GY33/24 -> 0.4404625 | HC33: =$AJ33-HA33 -> 37.4603 | HD33: =GY33-GO33 -> 0.1362 | HE33: =HA33-GQ33 -> 0.0069 | HH33: 23 | HI33: 9997 | HJ33: 10.6261 | HK33: 1.4239 | HL33: 0.5425 | HM33: =HJ33/24 -> 0.44275417 | HN33: =$AJ33-HL33 -> 37.4575 | HO33: =HJ33-GY33 -> 0.055 | HR33: 23 | HS33: 9997 | HT33: 10.6619 | HU33: 1.4287 | HV33: 0.5443 | HW33: =HT33/24 -> 0.44424583 | HX33: =$AJ33-HV33 -> 37.4557 | HY33: =HT33-HJ33 -> 0.0358 | IB33: 23 | IC33: 9997 | ID33: 10.6774 | IE33: 1.4308 | IF33: 0.5451 | IG33: =ID33/24 -> 0.44489167 | IH33: =$AJ33-IF33 -> 37.4549 | II33: =ID33-HT33 -> 0.0155 | IL33: 23 | IM33: 9997 | IN33: 10.759 | IO33: 1.4417 | IP33: 0.5493 | IQ33: =IN33/24 -> 0.44829167 | IR33: =$AJ33-IP33 -> 37.4507 | IS33: =IN33-ID33 -> 0.0816 | IV33: 23 | IW33: 9997 | IX33: 10.8692 | IY33: 1.4565 | IZ33: 0.5549 | JA33: =IX33/24 -> 0.45288333 | JB33: =$AJ33-IZ33 -> 37.4451 | JC33: =IX33-IN33 -> 0.1102 | JF33: 23 | JG33: 9997 | JH33: 10.9042 | JI33: 1.4612 | JJ33: 0.5567 | JK33: =JH33/24 -> 0.45434167 | JL33: =$AJ33-JJ33 -> 37.4433 | JM33: =JH33-IX33 -> 0.035 | JP33: 23 | JQ33: 9997 | JR33: 10.9324 | JS33: 1.465 | JT33: 0.5582 | JU33: =JR33/24 -> 0.45551667 | JV33: =$AJ33-JT33 -> 37.4418 | JW33: =JR33-JH33 -> 0.0282 | JZ33: 23 | KA33: 9997 | KB33: 10.9984 | KC33: 1.4738 | KD33: 0.5615 | KE33: =KB33/24 -> 0.45826667 | KF33: =$AJ33-KD33 -> 37.4385 | KG33: =KB33-JR33 -> 0.066 | KJ33: 23 | KK33: 9997 | KL33: 11.0204 | KM33: 1.4768 | KN33: 0.5627 | KO33: =KL33/24 -> 0.45918333 | KP33: =$AJ33-KN33 -> 37.4373 | KQ33: =KL33-KB33 -> 0.022 | KT33: 23 | KU33: 9997 | KV33: 11.0436 | KW33: 1.4799 | KX33: 0.5638 | KY33: =KV33/24 -> 0.46015 | KZ33: =$AJ33-KX33 -> 37.4362 | LA33: =KV33-KL33 -> 0.0232 | LD33: 23 | LE33: 9997 | LF33: 11.063 | LG33: 1.4825 | LH33: 0.5648 | LI33: =LF33/24 -> 0.46095833 | LJ33: =$AJ33-LH33 -> 37.4352 | LK33: =LF33-KV33 -> 0.0194 | LN33: 23 | LO33: 9997 | LP33: 11.0902 | LQ33: 1.4861 | LR33: 0.5662 | LS33: =LP33/24 -> 0.46209167 | LT33: =$AJ33-LR33 -> 37.4338 | LU33: =LP33-LF33 -> 0.0272 | LX33: 23 | LY33: 9997 | LZ33: 11.1208 | MA33: 1.4902 | MB33: 0.5678 | MC33: =LZ33/24 -> 0.46336667 | MD33: =$AJ33-MB33 -> 37.4322 | ME33: =LZ33-LP33 -> 0.0306 | MH33: 23 | MI33: 9997 | MJ33: 11.1509 | MK33: 1.4943 | ML33: 0.5693 | MM33: =MJ33/24 -> 0.46462083 | MN33: =$AJ33-ML33 -> 37.4307 | MO33: =MJ33-LZ33 -> 0.0301 | MR33: 23 | MS33: 9997 | MT33: 11.2084 | MU33: 1.502 | MV33: 0.5723 | MW33: =MT33/24 -> 0.46701667 | MX33: =$AJ33-MV33 -> 37.4277 | MY33: =MT33-MJ33 -> 0.0575 | NB33: 23 | NC33: 9997 | ND33: 11.2672 | NE33: 1.5098 | NF33: 0.5753 | NG33: =ND33/24 -> 0.46946667 | NH33: =$AJ33-NF33 -> 37.4247 | NI33: =ND33-MT33 -> 0.0588 | NL33: 23 | NM33: 9997 | NN33: 11.2845 | NO33: 1.5122 | NP33: 0.5761 | NQ33: =NN33/24 -> 0.4701875 | NR33: =$AJ33-NP33 -> 37.4239 | NS33: =NN33-ND33 -> 0.0173 | NV33: 23 | NW33: 9997 | NX33: 11.3119 | NY33: 1.5158 | NZ33: 0.5775 | OA33: =NX33/24 -> 0.47132917 | OB33: =$AJ33-NZ33 -> 37.4225 | OC33: =NX33-NN33 -> 0.0274 | OF33: 23 | OG33: 9997 | OH33: 11.3257 | OI33: 1.5177 | OJ33: 0.5782 | OK33: =OH33/24 -> 0.47190417 | OL33: =$AJ33-OJ33 -> 37.4218 | OM33: =OH33-NX33 -> 0.0138 | OP33: 23 | OQ33: 9997 | OR33: =VLOOKUP(OQ33,Sheet4!A14:F90,3,0) -> 11.3573 | OS33: =VLOOKUP(OQ33,Sheet4!A14:F90,4,0) -> 1.5219 | OT33: =VLOOKUP(OQ33,Sheet4!A14:F90,5,0) -> 0.5799 | OU33: =OR33/24 -> 0.47322083 | OV33: =$AJ33-OT33 -> 37.4201 | OW33: =OR33-OH33 -> 0.0316
A34: 26 | B34: 9593 | C34: B | D34: 38.07 | J34: 9593 | K34: 12.2865 | L34: 1.6464 | M34: 0.6273 | N34: =K34/24 -> 0.5119375 | O34: =D34-M34 -> 37.4427 | R34: 9593 | S34: 12.3566 | T34: 1.6558 | U34: 0.6309 | V34: =S34/24 -> 0.51485833 | W34: =D34-U34 -> 37.4391 | Z34: 9593 | AA34: 12.529 | AB34: 1.6789 | AC34: 0.6397 | AD34: =AA34/24 -> 0.52204167 | AE34: =D34-AC34 -> 37.4303 | AG34: 26 | AH34: 9593 | AI34: B | AJ34: 38.07 | AL34: 9593 | AM34: 12.7166 | AN34: 1.7041 | AO34: 0.6493 | AP34: =AM34/24 -> 0.52985833 | AQ34: =AJ34-AO34 -> 37.4207 | AU34: 9593 | AV34: 12.7964 | AW34: 1.7148 | AX34: 0.6533 | AY34: =AV34/24 -> 0.53318333 | AZ34: =AJ34-AX34 -> 37.4167 | BD34: 9593 | BE34: 12.8054 | BF34: 1.716 | BG34: 0.6538 | BH34: =BE34/24 -> 0.53355833 | BI34: =AJ34-BG34 -> 37.4162 | BN34: 9593 | BO34: 12.8391 | BP34: 1.7205 | BQ34: 0.6555 | BR34: =BO34/24 -> 0.5349625 | BS34: =AJ34-BQ34 -> 37.4145 | BX34: 9593 | BY34: 12.9054 | BZ34: 1.7294 | CA34: 0.6589 | CB34: =BY34/24 -> 0.537725 | CC34: =AJ34-CA34 -> 37.4111 | CG34: 24 | CH34: 9593 | CI34: 12.9624 | CJ34: 1.737 | CK34: 0.6618 | CL34: =CI34/24 -> 0.5401 | CM34: =AJ34-CK34 -> 37.4082 | CQ34: 24 | CR34: 9593 | CS34: 13.0341 | CT34: 1.7466 | CU34: 0.6655 | CV34: =CS34/24 -> 0.5430875 | CW34: =AJ34-CU34 -> 37.4045 | DA34: 24 | DB34: 9593 | DC34: 13.0411 | DD34: 1.7476 | DE34: 0.6658 | DF34: =DC34/24 -> 0.54337917 | DG34: =AJ34-DE34 -> 37.4042 | DK34: 24 | DL34: 9593 | DM34: 13.1229 | DN34: 1.7585 | DO34: 0.67 | DP34: =DM34/24 -> 0.5467875 | DQ34: =AJ34-DO34 -> 37.4 | DS34: =DM34-DC34 -> 0.0818 | DU34: 24 | DV34: 9593 | DW34: 13.1739 | DX34: 1.7654 | DY34: 0.6726 | DZ34: =DW34/24 -> 0.5489125 | EA34: =AJ34-DY34 -> 37.3974 | EE34: 24 | EF34: 9593 | EG34: 13.2536 | EH34: 1.776 | EI34: 0.6767 | EJ34: =EG34/24 -> 0.55223333 | EK34: =AJ34-EI34 -> 37.3933 | EM34: =EK34-EA34 -> -0.0041 | EO34: 24 | EP34: 9593 | EQ34: 13.412 | ER34: 1.7973 | ES34: 0.6848 | ET34: =EQ34/24 -> 0.55883333 | EU34: =AJ34-ES34 -> 37.3852 | EY34: 24 | EZ34: 9593 | FA34: 13.4867 | FB34: 1.8073 | FC34: 0.6886 | FD34: =FA34/24 -> 0.56194583 | FE34: =AJ34-FC34 -> 37.3814 | FG34: =FE34-EU34 -> -0.0038 | FI34: 24 | FJ34: 9593 | FK34: 13.5862 | FL34: 1.8206 | FM34: 0.6936 | FN34: =FK34/24 -> 0.56609167 | FO34: =AJ34-FM34 -> 37.3764 | FP34: =FO34-FE34 -> -0.005 | FS34: 24 | FT34: 9593 | FU34: 13.6067 | FV34: 1.8234 | FW34: 0.6947 | FX34: =FU34/24 -> 0.56694583 | FY34: =AJ34-FW34 -> 37.3753 | FZ34: =FU34-FK34 -> 0.0205 | GC34: 24 | GD34: 9593 | GE34: 13.6574 | GF34: 1.8301 | GG34: 0.6973 | GH34: =GE34/24 -> 0.56905833 | GI34: =$AJ34-GG34 -> 37.3727 | GJ34: =GE34-FU34 -> 0.0507 | GM34: 24 | GN34: 9593 | GO34: 13.7647 | GP34: 1.8445 | GQ34: 0.7028 | GR34: =GO34/24 -> 0.57352917 | GS34: =$AJ34-GQ34 -> 37.3672 | GT34: =GO34-GE34 -> 0.1073 | GW34: 24 | GX34: 9593 | GY34: =VLOOKUP(GX34,Sheet3!$AJ$7:$AN$83,2,0) -> 13.9009 | GZ34: =VLOOKUP(GX34,Sheet3!$AJ$7:$AN$83,3,0) -> 1.8628 | HA34: =VLOOKUP(GX34,Sheet3!$AJ$7:$AN$83,4,0) -> 0.7097 | HB34: =GY34/24 -> 0.57920417 | HC34: =$AJ34-HA34 -> 37.3603 | HD34: =GY34-GO34 -> 0.1362 | HE34: =HA34-GQ34 -> 0.0069 | HH34: 24 | HI34: 9593 | HJ34: 13.9559 | HK34: 1.8701 | HL34: 0.7125 | HM34: =HJ34/24 -> 0.58149583 | HN34: =$AJ34-HL34 -> 37.3575 | HO34: =HJ34-GY34 -> 0.055 | HR34: 24 | HS34: 9593 | HT34: 13.9917 | HU34: 1.8749 | HV34: 0.7144 | HW34: =HT34/24 -> 0.5829875 | HX34: =$AJ34-HV34 -> 37.3556 | HY34: =HT34-HJ34 -> 0.0358 | IB34: 24 | IC34: 9593 | ID34: 14.0072 | IE34: 1.877 | IF34: 0.7151 | IG34: =ID34/24 -> 0.58363333 | IH34: =$AJ34-IF34 -> 37.3549 | II34: =ID34-HT34 -> 0.0155 | IL34: 24 | IM34: 9593 | IN34: 14.0888 | IO34: 1.888 | IP34: 0.7193 | IQ34: =IN34/24 -> 0.58703333 | IR34: =$AJ34-IP34 -> 37.3507 | IS34: =IN34-ID34 -> 0.0816 | IV34: 24 | IW34: 9593 | IX34: 14.199 | IY34: 1.9027 | IZ34: 0.7249 | JA34: =IX34/24 -> 0.591625 | JB34: =$AJ34-IZ34 -> 37.3451 | JC34: =IX34-IN34 -> 0.1102 | JF34: 24 | JG34: 9593 | JH34: 14.234 | JI34: 1.9074 | JJ34: 0.7267 | JK34: =JH34/24 -> 0.59308333 | JL34: =$AJ34-JJ34 -> 37.3433 | JM34: =JH34-IX34 -> 0.035 | JP34: 24 | JQ34: 9593 | JR34: 14.2622 | JS34: 1.9112 | JT34: 0.7282 | JU34: =JR34/24 -> 0.59425833 | JV34: =$AJ34-JT34 -> 37.3418 | JW34: =JR34-JH34 -> 0.0282 | JZ34: 24 | KA34: 9593 | KB34: 14.3282 | KC34: 1.92 | KD34: 0.7315 | KE34: =KB34/24 -> 0.59700833 | KF34: =$AJ34-KD34 -> 37.3385 | KG34: =KB34-JR34 -> 0.066 | KJ34: 24 | KK34: 9593 | KL34: 14.3503 | KM34: 1.923 | KN34: 0.7327 | KO34: =KL34/24 -> 0.59792917 | KP34: =$AJ34-KN34 -> 37.3373 | KQ34: =KL34-KB34 -> 0.0221 | KT34: 24 | KU34: 9593 | KV34: 14.3735 | KW34: 1.9261 | KX34: 0.7338 | KY34: =KV34/24 -> 0.59889583 | KZ34: =$AJ34-KX34 -> 37.3362 | LA34: =KV34-KL34 -> 0.0232 | LD34: 24 | LE34: 9593 | LF34: 14.3929 | LG34: 1.9287 | LH34: 0.7348 | LI34: =LF34/24 -> 0.59970417 | LJ34: =$AJ34-LH34 -> 37.3352 | LK34: =LF34-KV34 -> 0.0194 | LN34: 24 | LO34: 9593 | LP34: 14.4201 | LQ34: 1.9323 | LR34: 0.7362 | LS34: =LP34/24 -> 0.6008375 | LT34: =$AJ34-LR34 -> 37.3338 | LU34: =LP34-LF34 -> 0.0272 | LX34: 24 | LY34: 9593 | LZ34: 14.4507 | MA34: 1.9364 | MB34: 0.7378 | MC34: =LZ34/24 -> 0.6021125 | MD34: =$AJ34-MB34 -> 37.3322 | ME34: =LZ34-LP34 -> 0.0306 | MH34: 24 | MI34: 9593 | MJ34: 14.4808 | MK34: 1.9405 | ML34: 0.7393 | MM34: =MJ34/24 -> 0.60336667 | MN34: =$AJ34-ML34 -> 37.3307 | MO34: =MJ34-LZ34 -> 0.0301 | MR34: 24 | MS34: 9593 | MT34: 14.5383 | MU34: 1.9482 | MV34: 0.7423 | MW34: =MT34/24 -> 0.6057625 | MX34: =$AJ34-MV34 -> 37.3277 | MY34: =MT34-MJ34 -> 0.0575 | NB34: 24 | NC34: 9593 | ND34: 14.5971 | NE34: 1.9561 | NF34: 0.7453 | NG34: =ND34/24 -> 0.6082125 | NH34: =$AJ34-NF34 -> 37.3247 | NI34: =ND34-MT34 -> 0.0588 | NL34: 24 | NM34: 9593 | NN34: 14.6144 | NO34: 1.9584 | NP34: 0.7461 | NQ34: =NN34/24 -> 0.60893333 | NR34: =$AJ34-NP34 -> 37.3239 | NS34: =NN34-ND34 -> 0.0173 | NV34: 24 | NW34: 9593 | NX34: 14.6418 | NY34: 1.9621 | NZ34: 0.7475 | OA34: =NX34/24 -> 0.610075 | OB34: =$AJ34-NZ34 -> 37.3225 | OC34: =NX34-NN34 -> 0.0274 | OF34: 24 | OG34: 9593 | OH34: 14.6556 | OI34: 1.9639 | OJ34: 0.7482 | OK34: =OH34/24 -> 0.61065 | OL34: =$AJ34-OJ34 -> 37.3218 | OM34: =OH34-NX34 -> 0.0138 | OP34: 24 | OQ34: 9593 | OR34: =VLOOKUP(OQ34,Sheet4!A15:F91,3,0) -> 14.6872 | OS34: =VLOOKUP(OQ34,Sheet4!A15:F91,4,0) -> 1.9681 | OT34: =VLOOKUP(OQ34,Sheet4!A15:F91,5,0) -> 0.7499 | OU34: =OR34/24 -> 0.61196667 | OV34: =$AJ34-OT34 -> 37.3201 | OW34: =OR34-OH34 -> 0.0316
A35: 27 | B35: 9870 | C35: B | D35: 37.79 | J35: 9870 | K35: 7.5768 | L35: 1.0153 | M35: 0.3868 | N35: =K35/24 -> 0.3157 | O35: =D35-M35 -> 37.4032 | R35: 9870 | S35: 7.6469 | T35: 1.0247 | U35: 0.3904 | V35: =S35/24 -> 0.31862083 | W35: =D35-U35 -> 37.3996 | Z35: 9870 | AA35: 7.8193 | AB35: 1.0478 | AC35: 0.3992 | AD35: =AA35/24 -> 0.32580417 | AE35: =D35-AC35 -> 37.3908 | AG35: 27 | AH35: 9870 | AI35: B | AJ35: 37.79 | AL35: 9870 | AM35: 8.0069 | AN35: 1.073 | AO35: 0.4088 | AP35: =AM35/24 -> 0.33362083 | AQ35: =AJ35-AO35 -> 37.3812 | AU35: 9870 | AV35: 8.0867 | AW35: 1.0836 | AX35: 0.4129 | AY35: =AV35/24 -> 0.33694583 | AZ35: =AJ35-AX35 -> 37.3771 | BD35: 9870 | BE35: 8.0957 | BF35: 1.0849 | BG35: 0.4133 | BH35: =BE35/24 -> 0.33732083 | BI35: =AJ35-BG35 -> 37.3767 | BN35: 9870 | BO35: 8.1294 | BP35: 1.0894 | BQ35: 0.4151 | BR35: =BO35/24 -> 0.338725 | BS35: =AJ35-BQ35 -> 37.3749 | BX35: 9870 | BY35: 8.1957 | BZ35: 1.0983 | CA35: 0.4184 | CB35: =BY35/24 -> 0.3414875 | CC35: =AJ35-CA35 -> 37.3716 | CG35: 25 | CH35: 9870 | CI35: 8.2527 | CJ35: 1.1059 | CK35: 0.4213 | CL35: =CI35/24 -> 0.3438625 | CM35: =AJ35-CK35 -> 37.3687 | CQ35: 25 | CR35: 9870 | CS35: 8.3244 | CT35: 1.1155 | CU35: 0.425 | CV35: =CS35/24 -> 0.34685 | CW35: =AJ35-CU35 -> 37.365 | DA35: 25 | DB35: 9870 | DC35: 8.3314 | DD35: 1.1164 | DE35: 0.4254 | DF35: =DC35/24 -> 0.34714167 | DG35: =AJ35-DE35 -> 37.3646 | DK35: 25 | DL35: 9870 | DM35: 8.4132 | DN35: 1.1274 | DO35: 0.4295 | DP35: =DM35/24 -> 0.35055 | DQ35: =AJ35-DO35 -> 37.3605 | DS35: =DM35-DC35 -> 0.0818 | DU35: 25 | DV35: 9870 | DW35: 8.4642 | DX35: 1.1342 | DY35: 0.4321 | DZ35: =DW35/24 -> 0.352675 | EA35: =AJ35-DY35 -> 37.3579 | EE35: 25 | EF35: 9870 | EG35: 8.5439 | EH35: 1.1449 | EI35: 0.4362 | EJ35: =EG35/24 -> 0.35599583 | EK35: =AJ35-EI35 -> 37.3538 | EM35: =EK35-EA35 -> -0.0041 | EO35: 25 | EP35: 9870 | EQ35: 8.7023 | ER35: 1.1661 | ES35: 0.4443 | ET35: =EQ35/24 -> 0.36259583 | EU35: =AJ35-ES35 -> 37.3457 | EY35: 25 | EZ35: 9870 | FA35: 8.777 | FB35: 1.1762 | FC35: 0.4481 | FD35: =FA35/24 -> 0.36570833 | FE35: =AJ35-FC35 -> 37.3419 | FG35: =FE35-EU35 -> -0.0038 | FI35: 25 | FJ35: 9870 | FK35: 8.8765 | FL35: 1.1895 | FM35: 0.4532 | FN35: =FK35/24 -> 0.36985417 | FO35: =AJ35-FM35 -> 37.3368 | FP35: =FO35-FE35 -> -0.0051 | FS35: 25 | FT35: 9870 | FU35: 8.897 | FV35: 1.1922 | FW35: 0.4542 | FX35: =FU35/24 -> 0.37070833 | FY35: =AJ35-FW35 -> 37.3358 | FZ35: =FU35-FK35 -> 0.0205 | GC35: 25 | GD35: 9870 | GE35: 8.9477 | GF35: 1.199 | GG35: 0.4568 | GH35: =GE35/24 -> 0.37282083 | GI35: =$AJ35-GG35 -> 37.3332 | GJ35: =GE35-FU35 -> 0.0507 | GM35: 25 | GN35: 9870 | GO35: 9.055 | GP35: 1.2134 | GQ35: 0.4623 | GR35: =GO35/24 -> 0.37729167 | GS35: =$AJ35-GQ35 -> 37.3277 | GT35: =GO35-GE35 -> 0.1073 | GW35: 25 | GX35: 9870 | GY35: =VLOOKUP(GX35,Sheet3!$AJ$7:$AN$83,2,0) -> 9.1912 | GZ35: =VLOOKUP(GX35,Sheet3!$AJ$7:$AN$83,3,0) -> 1.2317 | HA35: =VLOOKUP(GX35,Sheet3!$AJ$7:$AN$83,4,0) -> 0.4693 | HB35: =GY35/24 -> 0.38296667 | HC35: =$AJ35-HA35 -> 37.3207 | HD35: =GY35-GO35 -> 0.1362 | HE35: =HA35-GQ35 -> 0.007 | HH35: 25 | HI35: 9870 | HJ35: 9.2462 | HK35: 1.239 | HL35: 0.4721 | HM35: =HJ35/24 -> 0.38525833 | HN35: =$AJ35-HL35 -> 37.3179 | HO35: =HJ35-GY35 -> 0.055 | HR35: 25 | HS35: 9870 | HT35: 9.282 | HU35: 1.2438 | HV35: 0.4739 | HW35: =HT35/24 -> 0.38675 | HX35: =$AJ35-HV35 -> 37.3161 | HY35: =HT35-HJ35 -> 0.0358 | IB35: 25 | IC35: 9870 | ID35: 9.2975 | IE35: 1.2459 | IF35: 0.4747 | IG35: =ID35/24 -> 0.38739583 | IH35: =$AJ35-IF35 -> 37.3153 | II35: =ID35-HT35 -> 0.0155 | IL35: 25 | IM35: 9870 | IN35: 9.3791 | IO35: 1.2568 | IP35: 0.4789 | IQ35: =IN35/24 -> 0.39079583 | IR35: =$AJ35-IP35 -> 37.3111 | IS35: =IN35-ID35 -> 0.0816 | IV35: 25 | IW35: 9870 | IX35: 9.4893 | IY35: 1.2716 | IZ35: 0.4845 | JA35: =IX35/24 -> 0.3953875 | JB35: =$AJ35-IZ35 -> 37.3055 | JC35: =IX35-IN35 -> 0.1102 | JF35: 25 | JG35: 9870 | JH35: 9.5243 | JI35: 1.2763 | JJ35: 0.4863 | JK35: =JH35/24 -> 0.39684583 | JL35: =$AJ35-JJ35 -> 37.3037 | JM35: =JH35-IX35 -> 0.035 | JP35: 25 | JQ35: 9870 | JR35: 9.5525 | JS35: 1.2801 | JT35: 0.4877 | JU35: =JR35/24 -> 0.39802083 | JV35: =$AJ35-JT35 -> 37.3023 | JW35: =JR35-JH35 -> 0.0282 | JZ35: 25 | KA35: 9870 | KB35: 9.6185 | KC35: 1.2889 | KD35: 0.4911 | KE35: =KB35/24 -> 0.40077083 | KF35: =$AJ35-KD35 -> 37.2989 | KG35: =KB35-JR35 -> 0.066 | KJ35: 25 | KK35: 9870 | KL35: 9.6405 | KM35: 1.2919 | KN35: 0.4922 | KO35: =KL35/24 -> 0.4016875 | KP35: =$AJ35-KN35 -> 37.2978 | KQ35: =KL35-KB35 -> 0.022 | KT35: 25 | KU35: 9870 | KV35: 9.6637 | KW35: 1.295 | KX35: 0.4934 | KY35: =KV35/24 -> 0.40265417 | KZ35: =$AJ35-KX35 -> 37.2966 | LA35: =KV35-KL35 -> 0.0232 | LD35: 25 | LE35: 9870 | LF35: 9.6831 | LG35: 1.2976 | LH35: 0.4944 | LI35: =LF35/24 -> 0.4034625 | LJ35: =$AJ35-LH35 -> 37.2956 | LK35: =LF35-KV35 -> 0.0194 | LN35: 25 | LO35: 9870 | LP35: 9.7103 | LQ35: 1.3012 | LR35: 0.4958 | LS35: =LP35/24 -> 0.40459583 | LT35: =$AJ35-LR35 -> 37.2942 | LU35: =LP35-LF35 -> 0.0272 | LX35: 25 | LY35: 9870 | LZ35: 9.7409 | MA35: 1.3053 | MB35: 0.4973 | MC35: =LZ35/24 -> 0.40587083 | MD35: =$AJ35-MB35 -> 37.2927 | ME35: =LZ35-LP35 -> 0.0306 | MH35: 25 | MI35: 9870 | MJ35: 9.771 | MK35: 1.3094 | ML35: 0.4989 | MM35: =MJ35/24 -> 0.407125 | MN35: =$AJ35-ML35 -> 37.2911 | MO35: =MJ35-LZ35 -> 0.0301 | MR35: 25 | MS35: 9870 | MT35: 9.8285 | MU35: 1.3171 | MV35: 0.5018 | MW35: =MT35/24 -> 0.40952083 | MX35: =$AJ35-MV35 -> 37.2882 | MY35: =MT35-MJ35 -> 0.0575 | NB35: 25 | NC35: 9870 | ND35: 9.8873 | NE35: 1.3249 | NF35: 0.5048 | NG35: =ND35/24 -> 0.41197083 | NH35: =$AJ35-NF35 -> 37.2852 | NI35: =ND35-MT35 -> 0.0588 | NL35: 25 | NM35: 9870 | NN35: 9.9046 | NO35: 1.3273 | NP35: 0.5057 | NQ35: =NN35/24 -> 0.41269167 | NR35: =$AJ35-NP35 -> 37.2843 | NS35: =NN35-ND35 -> 0.0173 | NV35: 25 | NW35: 9870 | NX35: 9.932 | NY35: 1.3309 | NZ35: 0.5071 | OA35: =NX35/24 -> 0.41383333 | OB35: =$AJ35-NZ35 -> 37.2829 | OC35: =NX35-NN35 -> 0.0274 | OF35: 25 | OG35: 9870 | OH35: 9.9458 | OI35: 1.3328 | OJ35: 0.5078 | OK35: =OH35/24 -> 0.41440833 | OL35: =$AJ35-OJ35 -> 37.2822 | OM35: =OH35-NX35 -> 0.0138 | OP35: 25 | OQ35: 9870 | OR35: =VLOOKUP(OQ35,Sheet4!A16:F92,3,0) -> 9.9774 | OS35: =VLOOKUP(OQ35,Sheet4!A16:F92,4,0) -> 1.337 | OT35: =VLOOKUP(OQ35,Sheet4!A16:F92,5,0) -> 0.5094 | OU35: =OR35/24 -> 0.415725 | OV35: =$AJ35-OT35 -> 37.2806 | OW35: =OR35-OH35 -> 0.0316
A36: 28 | B36: 9873 | C36: B | D36: 37.69 | J36: 9873 | K36: 7.5768 | L36: 1.0153 | M36: 0.3868 | N36: =K36/24 -> 0.3157 | O36: =D36-M36 -> 37.3032 | R36: 9873 | S36: 7.6469 | T36: 1.0247 | U36: 0.3904 | V36: =S36/24 -> 0.31862083 | W36: =D36-U36 -> 37.2996 | Z36: 9873 | AA36: 7.8193 | AB36: 1.0478 | AC36: 0.3992 | AD36: =AA36/24 -> 0.32580417 | AE36: =D36-AC36 -> 37.2908 | AG36: 28 | AH36: 9873 | AI36: B | AJ36: 37.69 | AL36: 9873 | AM36: 8.0069 | AN36: 1.073 | AO36: 0.4088 | AP36: =AM36/24 -> 0.33362083 | AQ36: =AJ36-AO36 -> 37.2812 | AU36: 9873 | AV36: 8.0867 | AW36: 1.0836 | AX36: 0.4129 | AY36: =AV36/24 -> 0.33694583 | AZ36: =AJ36-AX36 -> 37.2771 | BD36: 9873 | BE36: 8.0957 | BF36: 1.0849 | BG36: 0.4133 | BH36: =BE36/24 -> 0.33732083 | BI36: =AJ36-BG36 -> 37.2767 | BN36: 9873 | BO36: 8.1294 | BP36: 1.0894 | BQ36: 0.4151 | BR36: =BO36/24 -> 0.338725 | BS36: =AJ36-BQ36 -> 37.2749 | BX36: 9873 | BY36: 8.1957 | BZ36: 1.0983 | CA36: 0.4184 | CB36: =BY36/24 -> 0.3414875 | CC36: =AJ36-CA36 -> 37.2716 | CG36: 26 | CH36: 9873 | CI36: 8.2527 | CJ36: 1.1059 | CK36: 0.4213 | CL36: =CI36/24 -> 0.3438625 | CM36: =AJ36-CK36 -> 37.2687 | CQ36: 26 | CR36: 9873 | CS36: 8.3244 | CT36: 1.1155 | CU36: 0.425 | CV36: =CS36/24 -> 0.34685 | CW36: =AJ36-CU36 -> 37.265 | DA36: 26 | DB36: 9873 | DC36: 8.3314 | DD36: 1.1164 | DE36: 0.4254 | DF36: =DC36/24 -> 0.34714167 | DG36: =AJ36-DE36 -> 37.2646 | DK36: 26 | DL36: 9873 | DM36: 8.4132 | DN36: 1.1274 | DO36: 0.4295 | DP36: =DM36/24 -> 0.35055 | DQ36: =AJ36-DO36 -> 37.2605 | DS36: =DM36-DC36 -> 0.0818 | DU36: 26 | DV36: 9873 | DW36: 8.4642 | DX36: 1.1342 | DY36: 0.4321 | DZ36: =DW36/24 -> 0.352675 | EA36: =AJ36-DY36 -> 37.2579 | EE36: 26 | EF36: 9873 | EG36: 8.5439 | EH36: 1.1449 | EI36: 0.4362 | EJ36: =EG36/24 -> 0.35599583 | EK36: =AJ36-EI36 -> 37.2538 | EM36: =EK36-EA36 -> -0.0041 | EO36: 26 | EP36: 9873 | EQ36: 8.7023 | ER36: 1.1661 | ES36: 0.4443 | ET36: =EQ36/24 -> 0.36259583 | EU36: =AJ36-ES36 -> 37.2457 | EY36: 26 | EZ36: 9873 | FA36: 8.777 | FB36: 1.1762 | FC36: 0.4481 | FD36: =FA36/24 -> 0.36570833 | FE36: =AJ36-FC36 -> 37.2419 | FG36: =FE36-EU36 -> -0.0038 | FI36: 26 | FJ36: 9873 | FK36: 8.8765 | FL36: 1.1895 | FM36: 0.4532 | FN36: =FK36/24 -> 0.36985417 | FO36: =AJ36-FM36 -> 37.2368 | FP36: =FO36-FE36 -> -0.0051 | FS36: 26 | FT36: 9873 | FU36: 8.897 | FV36: 1.1922 | FW36: 0.4542 | FX36: =FU36/24 -> 0.37070833 | FY36: =AJ36-FW36 -> 37.2358 | FZ36: =FU36-FK36 -> 0.0205 | GC36: 26 | GD36: 9873 | GE36: 8.9477 | GF36: 1.199 | GG36: 0.4568 | GH36: =GE36/24 -> 0.37282083 | GI36: =$AJ36-GG36 -> 37.2332 | GJ36: =GE36-FU36 -> 0.0507 | GM36: 26 | GN36: 9873 | GO36: 9.055 | GP36: 1.2134 | GQ36: 0.4623 | GR36: =GO36/24 -> 0.37729167 | GS36: =$AJ36-GQ36 -> 37.2277 | GT36: =GO36-GE36 -> 0.1073 | GW36: 26 | GX36: 9873 | GY36: =VLOOKUP(GX36,Sheet3!$AJ$7:$AN$83,2,0) -> 9.1912 | GZ36: =VLOOKUP(GX36,Sheet3!$AJ$7:$AN$83,3,0) -> 1.2317 | HA36: =VLOOKUP(GX36,Sheet3!$AJ$7:$AN$83,4,0) -> 0.4693 | HB36: =GY36/24 -> 0.38296667 | HC36: =$AJ36-HA36 -> 37.2207 | HD36: =GY36-GO36 -> 0.1362 | HE36: =HA36-GQ36 -> 0.007 | HH36: 26 | HI36: 9873 | HJ36: 9.2462 | HK36: 1.239 | HL36: 0.4721 | HM36: =HJ36/24 -> 0.38525833 | HN36: =$AJ36-HL36 -> 37.2179 | HO36: =HJ36-GY36 -> 0.055 | HR36: 26 | HS36: 9873 | HT36: 9.282 | HU36: 1.2438 | HV36: 0.4739 | HW36: =HT36/24 -> 0.38675 | HX36: =$AJ36-HV36 -> 37.2161 | HY36: =HT36-HJ36 -> 0.0358 | IB36: 26 | IC36: 9873 | ID36: 9.2975 | IE36: 1.2459 | IF36: 0.4747 | IG36: =ID36/24 -> 0.38739583 | IH36: =$AJ36-IF36 -> 37.2153 | II36: =ID36-HT36 -> 0.0155 | IL36: 26 | IM36: 9873 | IN36: 9.3791 | IO36: 1.2568 | IP36: 0.4789 | IQ36: =IN36/24 -> 0.39079583 | IR36: =$AJ36-IP36 -> 37.2111 | IS36: =IN36-ID36 -> 0.0816 | IV36: 26 | IW36: 9873 | IX36: 9.4893 | IY36: 1.2716 | IZ36: 0.4845 | JA36: =IX36/24 -> 0.3953875 | JB36: =$AJ36-IZ36 -> 37.2055 | JC36: =IX36-IN36 -> 0.1102 | JF36: 26 | JG36: 9873 | JH36: 9.5243 | JI36: 1.2763 | JJ36: 0.4863 | JK36: =JH36/24 -> 0.39684583 | JL36: =$AJ36-JJ36 -> 37.2037 | JM36: =JH36-IX36 -> 0.035 | JP36: 26 | JQ36: 9873 | JR36: 9.5525 | JS36: 1.2801 | JT36: 0.4877 | JU36: =JR36/24 -> 0.39802083 | JV36: =$AJ36-JT36 -> 37.2023 | JW36: =JR36-JH36 -> 0.0282 | JZ36: 26 | KA36: 9873 | KB36: 9.6185 | KC36: 1.2889 | KD36: 0.4911 | KE36: =KB36/24 -> 0.40077083 | KF36: =$AJ36-KD36 -> 37.1989 | KG36: =KB36-JR36 -> 0.066 | KJ36: 26 | KK36: 9873 | KL36: 9.6405 | KM36: 1.2919 | KN36: 0.4922 | KO36: =KL36/24 -> 0.4016875 | KP36: =$AJ36-KN36 -> 37.1978 | KQ36: =KL36-KB36 -> 0.022 | KT36: 26 | KU36: 9873 | KV36: 9.6637 | KW36: 1.295 | KX36: 0.4934 | KY36: =KV36/24 -> 0.40265417 | KZ36: =$AJ36-KX36 -> 37.1966 | LA36: =KV36-KL36 -> 0.0232 | LD36: 26 | LE36: 9873 | LF36: 9.6831 | LG36: 1.2976 | LH36: 0.4944 | LI36: =LF36/24 -> 0.4034625 | LJ36: =$AJ36-LH36 -> 37.1956 | LK36: =LF36-KV36 -> 0.0194 | LN36: 26 | LO36: 9873 | LP36: 9.7103 | LQ36: 1.3012 | LR36: 0.4958 | LS36: =LP36/24 -> 0.40459583 | LT36: =$AJ36-LR36 -> 37.1942 | LU36: =LP36-LF36 -> 0.0272 | LX36: 26 | LY36: 9873 | LZ36: 9.7409 | MA36: 1.3053 | MB36: 0.4973 | MC36: =LZ36/24 -> 0.40587083 | MD36: =$AJ36-MB36 -> 37.1927 | ME36: =LZ36-LP36 -> 0.0306 | MH36: 26 | MI36: 9873 | MJ36: 9.771 | MK36: 1.3094 | ML36: 0.4989 | MM36: =MJ36/24 -> 0.407125 | MN36: =$AJ36-ML36 -> 37.1911 | MO36: =MJ36-LZ36 -> 0.0301 | MR36: 26 | MS36: 9873 | MT36: 9.8285 | MU36: 1.3171 | MV36: 0.5018 | MW36: =MT36/24 -> 0.40952083 | MX36: =$AJ36-MV36 -> 37.1882 | MY36: =MT36-MJ36 -> 0.0575 | NB36: 26 | NC36: 9873 | ND36: 9.8873 | NE36: 1.3249 | NF36: 0.5048 | NG36: =ND36/24 -> 0.41197083 | NH36: =$AJ36-NF36 -> 37.1852 | NI36: =ND36-MT36 -> 0.0588 | NL36: 26 | NM36: 9873 | NN36: 9.9046 | NO36: 1.3273 | NP36: 0.5057 | NQ36: =NN36/24 -> 0.41269167 | NR36: =$AJ36-NP36 -> 37.1843 | NS36: =NN36-ND36 -> 0.0173 | NV36: 26 | NW36: 9873 | NX36: 9.932 | NY36: 1.3309 | NZ36: 0.5071 | OA36: =NX36/24 -> 0.41383333 | OB36: =$AJ36-NZ36 -> 37.1829 | OC36: =NX36-NN36 -> 0.0274 | OF36: 26 | OG36: 9873 | OH36: 9.9458 | OI36: 1.3328 | OJ36: 0.5078 | OK36: =OH36/24 -> 0.41440833 | OL36: =$AJ36-OJ36 -> 37.1822 | OM36: =OH36-NX36 -> 0.0138 | OP36: 26 | OQ36: 9873 | OR36: =VLOOKUP(OQ36,Sheet4!A17:F93,3,0) -> 9.9774 | OS36: =VLOOKUP(OQ36,Sheet4!A17:F93,4,0) -> 1.337 | OT36: =VLOOKUP(OQ36,Sheet4!A17:F93,5,0) -> 0.5094 | OU36: =OR36/24 -> 0.415725 | OV36: =$AJ36-OT36 -> 37.1806 | OW36: =OR36-OH36 -> 0.0316
A37: 29 | B37: 9984 | C37: B | D37: 37.92 | J37: 9984 | K37: 8.6686 | L37: 1.1616 | M37: 0.4426 | N37: =K37/24 -> 0.36119167 | O37: =D37-M37 -> 37.4774 | R37: 9984 | S37: 8.7387 | T37: 1.171 | U37: 0.4462 | V37: =S37/24 -> 0.3641125 | W37: =D37-U37 -> 37.4738 | Z37: 9984 | AA37: 8.9111 | AB37: 1.1941 | AC37: 0.455 | AD37: =AA37/24 -> 0.37129583 | AE37: =D37-AC37 -> 37.465 | AG37: 29 | AH37: 9984 | AI37: B | AJ37: 37.92 | AL37: 9984 | AM37: 9.0987 | AN37: 1.2193 | AO37: 0.4645 | AP37: =AM37/24 -> 0.3791125 | AQ37: =AJ37-AO37 -> 37.4555 | AU37: 9984 | AV37: 9.1785 | AW37: 1.23 | AX37: 0.4686 | AY37: =AV37/24 -> 0.3824375 | AZ37: =AJ37-AX37 -> 37.4514 | BD37: 9984 | BE37: 9.1875 | BF37: 1.2312 | BG37: 0.4691 | BH37: =BE37/24 -> 0.3828125 | BI37: =AJ37-BG37 -> 37.4509 | BN37: 9984 | BO37: 9.2212 | BP37: 1.2357 | BQ37: 0.4708 | BR37: =BO37/24 -> 0.38421667 | BS37: =AJ37-BQ37 -> 37.4492 | BX37: 9984 | BY37: 9.2875 | BZ37: 1.2446 | CA37: 0.4742 | CB37: =BY37/24 -> 0.38697917 | CC37: =AJ37-CA37 -> 37.4458 | CG37: 27 | CH37: 9984 | CI37: 9.3445 | CJ37: 1.2522 | CK37: 0.4771 | CL37: =CI37/24 -> 0.38935417 | CM37: =AJ37-CK37 -> 37.4429 | CQ37: 27 | CR37: 9984 | CS37: 9.4162 | CT37: 1.2618 | CU37: 0.4807 | CV37: =CS37/24 -> 0.39234167 | CW37: =AJ37-CU37 -> 37.4393 | DA37: 27 | DB37: 9984 | DC37: 9.4232 | DD37: 1.2627 | DE37: 0.4811 | DF37: =DC37/24 -> 0.39263333 | DG37: =AJ37-DE37 -> 37.4389 | DK37: 27 | DL37: 9984 | DM37: 9.505 | DN37: 1.2737 | DO37: 0.4853 | DP37: =DM37/24 -> 0.39604167 | DQ37: =AJ37-DO37 -> 37.4347 | DS37: =DM37-DC37 -> 0.0818 | DU37: 27 | DV37: 9984 | DW37: 9.556 | DX37: 1.2805 | DY37: 0.4879 | DZ37: =DW37/24 -> 0.39816667 | EA37: =AJ37-DY37 -> 37.4321 | EE37: 27 | EF37: 9984 | EG37: 9.6357 | EH37: 1.2912 | EI37: 0.492 | EJ37: =EG37/24 -> 0.4014875 | EK37: =AJ37-EI37 -> 37.428 | EM37: =EK37-EA37 -> -0.0041 | EO37: 27 | EP37: 9984 | EQ37: 9.7941 | ER37: 1.3124 | ES37: 0.5 | ET37: =EQ37/24 -> 0.4080875 | EU37: =AJ37-ES37 -> 37.42 | EY37: 27 | EZ37: 9984 | FA37: 9.8688 | FB37: 1.3225 | FC37: 0.5039 | FD37: =FA37/24 -> 0.4112 | FE37: =AJ37-FC37 -> 37.4161 | FG37: =FE37-EU37 -> -0.0039 | FI37: 27 | FJ37: 9984 | FK37: 9.9683 | FL37: 1.3358 | FM37: 0.5089 | FN37: =FK37/24 -> 0.41534583 | FO37: =AJ37-FM37 -> 37.4111 | FP37: =FO37-FE37 -> -0.005 | FS37: 27 | FT37: 9984 | FU37: 9.9888 | FV37: 1.3385 | FW37: 0.51 | FX37: =FU37/24 -> 0.4162 | FY37: =AJ37-FW37 -> 37.41 | FZ37: =FU37-FK37 -> 0.0205 | GC37: 27 | GD37: 9984 | GE37: 10.0395 | GF37: 1.3453 | GG37: 0.5126 | GH37: =GE37/24 -> 0.4183125 | GI37: =$AJ37-GG37 -> 37.4074 | GJ37: =GE37-FU37 -> 0.0507 | GM37: 27 | GN37: 9984 | GO37: 10.1468 | GP37: 1.3597 | GQ37: 0.518 | GR37: =GO37/24 -> 0.42278333 | GS37: =$AJ37-GQ37 -> 37.402 | GT37: =GO37-GE37 -> 0.1073 | GW37: 27 | GX37: 9984 | GY37: =VLOOKUP(GX37,Sheet3!$AJ$7:$AN$83,2,0) -> 10.283 | GZ37: =VLOOKUP(GX37,Sheet3!$AJ$7:$AN$83,3,0) -> 1.378 | HA37: =VLOOKUP(GX37,Sheet3!$AJ$7:$AN$83,4,0) -> 0.525 | HB37: =GY37/24 -> 0.42845833 | HC37: =$AJ37-HA37 -> 37.395 | HD37: =GY37-GO37 -> 0.1362 | HE37: =HA37-GQ37 -> 0.007 | HH37: 27 | HI37: 9984 | HJ37: 10.338 | HK37: 1.3853 | HL37: 0.5278 | HM37: =HJ37/24 -> 0.43075 | HN37: =$AJ37-HL37 -> 37.3922 | HO37: =HJ37-GY37 -> 0.055 | HR37: 27 | HS37: 9984 | HT37: 10.3738 | HU37: 1.3901 | HV37: 0.5296 | HW37: =HT37/24 -> 0.43224167 | HX37: =$AJ37-HV37 -> 37.3904 | HY37: =HT37-HJ37 -> 0.0358 | IB37: 27 | IC37: 9984 | ID37: 10.3893 | IE37: 1.3922 | IF37: 0.5304 | IG37: =ID37/24 -> 0.4328875 | IH37: =$AJ37-IF37 -> 37.3896 | II37: =ID37-HT37 -> 0.0155 | IL37: 27 | IM37: 9984 | IN37: 10.4709 | IO37: 1.4031 | IP37: 0.5346 | IQ37: =IN37/24 -> 0.4362875 | IR37: =$AJ37-IP37 -> 37.3854 | IS37: =IN37-ID37 -> 0.0816 | IV37: 27 | IW37: 9984 | IX37: 10.5811 | IY37: 1.4179 | IZ37: 0.5402 | JA37: =IX37/24 -> 0.44087917 | JB37: =$AJ37-IZ37 -> 37.3798 | JC37: =IX37-IN37 -> 0.1102 | JF37: 27 | JG37: 9984 | JH37: 10.6161 | JI37: 1.4226 | JJ37: 0.542 | JK37: =JH37/24 -> 0.4423375 | JL37: =$AJ37-JJ37 -> 37.378 | JM37: =JH37-IX37 -> 0.035 | JP37: 27 | JQ37: 9984 | JR37: 10.6443 | JS37: 1.4264 | JT37: 0.5434 | JU37: =JR37/24 -> 0.4435125 | JV37: =$AJ37-JT37 -> 37.3766 | JW37: =JR37-JH37 -> 0.0282 | JZ37: 27 | KA37: 9984 | KB37: 10.7103 | KC37: 1.4352 | KD37: 0.5468 | KE37: =KB37/24 -> 0.4462625 | KF37: =$AJ37-KD37 -> 37.3732 | KG37: =KB37-JR37 -> 0.066 | KJ37: 27 | KK37: 9984 | KL37: 10.7324 | KM37: 1.4382 | KN37: 0.5479 | KO37: =KL37/24 -> 0.44718333 | KP37: =$AJ37-KN37 -> 37.3721 | KQ37: =KL37-KB37 -> 0.0221 | KT37: 27 | KU37: 9984 | KV37: 10.7556 | KW37: 1.4413 | KX37: 0.5491 | KY37: =KV37/24 -> 0.44815 | KZ37: =$AJ37-KX37 -> 37.3709 | LA37: =KV37-KL37 -> 0.0232 | LD37: 27 | LE37: 9984 | LF37: 10.775 | LG37: 1.4439 | LH37: 0.5501 | LI37: =LF37/24 -> 0.44895833 | LJ37: =$AJ37-LH37 -> 37.3699 | LK37: =LF37-KV37 -> 0.0194 | LN37: 27 | LO37: 9984 | LP37: 10.8022 | LQ37: 1.4475 | LR37: 0.5515 | LS37: =LP37/24 -> 0.45009167 | LT37: =$AJ37-LR37 -> 37.3685 | LU37: =LP37-LF37 -> 0.0272 | LX37: 27 | LY37: 9984 | LZ37: 10.8328 | MA37: 1.4516 | MB37: 0.5531 | MC37: =LZ37/24 -> 0.45136667 | MD37: =$AJ37-MB37 -> 37.3669 | ME37: =LZ37-LP37 -> 0.0306 | MH37: 27 | MI37: 9984 | MJ37: 10.8629 | MK37: 1.4557 | ML37: 0.5546 | MM37: =MJ37/24 -> 0.45262083 | MN37: =$AJ37-ML37 -> 37.3654 | MO37: =MJ37-LZ37 -> 0.0301 | MR37: 27 | MS37: 9984 | MT37: 10.9204 | MU37: 1.4634 | MV37: 0.5575 | MW37: =MT37/24 -> 0.45501667 | MX37: =$AJ37-MV37 -> 37.3625 | MY37: =MT37-MJ37 -> 0.0575 | NB37: 27 | NC37: 9984 | ND37: 10.9792 | NE37: 1.4713 | NF37: 0.5605 | NG37: =ND37/24 -> 0.45746667 | NH37: =$AJ37-NF37 -> 37.3595 | NI37: =ND37-MT37 -> 0.0588 | NL37: 27 | NM37: 9984 | NN37: 10.9965 | NO37: 1.4736 | NP37: 0.5614 | NQ37: =NN37/24 -> 0.4581875 | NR37: =$AJ37-NP37 -> 37.3586 | NS37: =NN37-ND37 -> 0.0173 | NV37: 27 | NW37: 9984 | NX37: 11.0239 | NY37: 1.4772 | NZ37: 0.5628 | OA37: =NX37/24 -> 0.45932917 | OB37: =$AJ37-NZ37 -> 37.3572 | OC37: =NX37-NN37 -> 0.0274 | OF37: 27 | OG37: 9984 | OH37: 11.0377 | OI37: 1.4791 | OJ37: 0.5635 | OK37: =OH37/24 -> 0.45990417 | OL37: =$AJ37-OJ37 -> 37.3565 | OM37: =OH37-NX37 -> 0.0138 | OP37: 27 | OQ37: 9984 | OR37: =VLOOKUP(OQ37,Sheet4!A18:F94,3,0) -> 11.0693 | OS37: =VLOOKUP(OQ37,Sheet4!A18:F94,4,0) -> 1.4833 | OT37: =VLOOKUP(OQ37,Sheet4!A18:F94,5,0) -> 0.5651 | OU37: =OR37/24 -> 0.46122083 | OV37: =$AJ37-OT37 -> 37.3549 | OW37: =OR37-OH37 -> 0.0316
A38: 30 | B38: 9985 | C38: B | D38: 37.99 | J38: 9985 | K38: 8.8553 | L38: 1.1866 | M38: 0.4521 | N38: =K38/24 -> 0.36897083 | O38: =D38-M38 -> 37.5379 | R38: 9985 | S38: 8.9254 | T38: 1.196 | U38: 0.4557 | V38: =S38/24 -> 0.37189167 | W38: =D38-U38 -> 37.5343 | Z38: 9985 | AA38: 9.0978 | AB38: 1.2191 | AC38: 0.4645 | AD38: =AA38/24 -> 0.379075 | AE38: =D38-AC38 -> 37.5255 | AG38: 30 | AH38: 9985 | AI38: B | AJ38: 37.99 | AL38: 9985 | AM38: 9.2854 | AN38: 1.2443 | AO38: 0.4741 | AP38: =AM38/24 -> 0.38689167 | AQ38: =AJ38-AO38 -> 37.5159 | AU38: 9985 | AV38: 9.3652 | AW38: 1.255 | AX38: 0.4781 | AY38: =AV38/24 -> 0.39021667 | AZ38: =AJ38-AX38 -> 37.5119 | BD38: 9985 | BE38: 9.3742 | BF38: 1.2562 | BG38: 0.4786 | BH38: =BE38/24 -> 0.39059167 | BI38: =AJ38-BG38 -> 37.5114 | BN38: 9985 | BO38: 9.4079 | BP38: 1.2607 | BQ38: 0.4803 | BR38: =BO38/24 -> 0.39199583 | BS38: =AJ38-BQ38 -> 37.5097 | BX38: 9985 | BY38: 9.4742 | BZ38: 1.2696 | CA38: 0.4837 | CB38: =BY38/24 -> 0.39475833 | CC38: =AJ38-CA38 -> 37.5063 | CG38: 28 | CH38: 9985 | CI38: 9.5312 | CJ38: 1.2772 | CK38: 0.4866 | CL38: =CI38/24 -> 0.39713333 | CM38: =AJ38-CK38 -> 37.5034 | CQ38: 28 | CR38: 9985 | CS38: 9.6029 | CT38: 1.2868 | CU38: 0.4903 | CV38: =CS38/24 -> 0.40012083 | CW38: =AJ38-CU38 -> 37.4997 | DA38: 28 | DB38: 9985 | DC38: 9.6099 | DD38: 1.2878 | DE38: 0.4906 | DF38: =DC38/24 -> 0.4004125 | DG38: =AJ38-DE38 -> 37.4994 | DK38: 28 | DL38: 9985 | DM38: 9.6917 | DN38: 1.2987 | DO38: 0.4948 | DP38: =DM38/24 -> 0.40382083 | DQ38: =AJ38-DO38 -> 37.4952 | DS38: =DM38-DC38 -> 0.0818 | DU38: 28 | DV38: 9985 | DW38: 9.7427 | DX38: 1.3056 | DY38: 0.4974 | DZ38: =DW38/24 -> 0.40594583 | EA38: =AJ38-DY38 -> 37.4926 | EE38: 28 | EF38: 9985 | EG38: 9.8224 | EH38: 1.3162 | EI38: 0.5015 | EJ38: =EG38/24 -> 0.40926667 | EK38: =AJ38-EI38 -> 37.4885 | EM38: =EK38-EA38 -> -0.0041 | EO38: 28 | EP38: 9985 | EQ38: 9.9808 | ER38: 1.3375 | ES38: 0.5096 | ET38: =EQ38/24 -> 0.41586667 | EU38: =AJ38-ES38 -> 37.4804 | EY38: 28 | EZ38: 9985 | FA38: 10.0555 | FB38: 1.3475 | FC38: 0.5134 | FD38: =FA38/24 -> 0.41897917 | FE38: =AJ38-FC38 -> 37.4766 | FG38: =FE38-EU38 -> -0.0038 | FI38: 28 | FJ38: 9985 | FK38: 10.155 | FL38: 1.3608 | FM38: 0.5185 | FN38: =FK38/24 -> 0.423125 | FO38: =AJ38-FM38 -> 37.4715 | FP38: =FO38-FE38 -> -0.0051 | FS38: 28 | FT38: 9985 | FU38: 10.1755 | FV38: 1.3636 | FW38: 0.5195 | FX38: =FU38/24 -> 0.42397917 | FY38: =AJ38-FW38 -> 37.4705 | FZ38: =FU38-FK38 -> 0.0205 | GC38: 28 | GD38: 9985 | GE38: 10.2262 | GF38: 1.3704 | GG38: 0.5221 | GH38: =GE38/24 -> 0.42609167 | GI38: =$AJ38-GG38 -> 37.4679 | GJ38: =GE38-FU38 -> 0.0507 | GM38: 28 | GN38: 9985 | GO38: 10.3335 | GP38: 1.3847 | GQ38: 0.5276 | GR38: =GO38/24 -> 0.4305625 | GS38: =$AJ38-GQ38 -> 37.4624 | GT38: =GO38-GE38 -> 0.1073 | GW38: 28 | GX38: 9985 | GY38: =VLOOKUP(GX38,Sheet3!$AJ$7:$AN$83,2,0) -> 10.4697 | GZ38: =VLOOKUP(GX38,Sheet3!$AJ$7:$AN$83,3,0) -> 1.403 | HA38: =VLOOKUP(GX38,Sheet3!$AJ$7:$AN$83,4,0) -> 0.5345 | HB38: =GY38/24 -> 0.4362375 | HC38: =$AJ38-HA38 -> 37.4555 | HD38: =GY38-GO38 -> 0.1362 | HE38: =HA38-GQ38 -> 0.0069 | HH38: 28 | HI38: 9985 | HJ38: 10.5247 | HK38: 1.4104 | HL38: 0.5373 | HM38: =HJ38/24 -> 0.43852917 | HN38: =$AJ38-HL38 -> 37.4527 | HO38: =HJ38-GY38 -> 0.055 | HR38: 28 | HS38: 9985 | HT38: 10.5605 | HU38: 1.4151 | HV38: 0.5392 | HW38: =HT38/24 -> 0.44002083 | HX38: =$AJ38-HV38 -> 37.4508 | HY38: =HT38-HJ38 -> 0.0358 | IB38: 28 | IC38: 9985 | ID38: 10.576 | IE38: 1.4172 | IF38: 0.54 | IG38: =ID38/24 -> 0.44066667 | IH38: =$AJ38-IF38 -> 37.45 | II38: =ID38-HT38 -> 0.0155 | IL38: 28 | IM38: 9985 | IN38: 10.6576 | IO38: 1.4282 | IP38: 0.5441 | IQ38: =IN38/24 -> 0.44406667 | IR38: =$AJ38-IP38 -> 37.4459 | IS38: =IN38-ID38 -> 0.0816 | IV38: 28 | IW38: 9985 | IX38: 10.7678 | IY38: 1.4429 | IZ38: 0.5498 | JA38: =IX38/24 -> 0.44865833 | JB38: =$AJ38-IZ38 -> 37.4402 | JC38: =IX38-IN38 -> 0.1102 | JF38: 28 | JG38: 9985 | JH38: 10.8028 | JI38: 1.4476 | JJ38: 0.5515 | JK38: =JH38/24 -> 0.45011667 | JL38: =$AJ38-JJ38 -> 37.4385 | JM38: =JH38-IX38 -> 0.035 | JP38: 28 | JQ38: 9985 | JR38: 10.831 | JS38: 1.4514 | JT38: 0.553 | JU38: =JR38/24 -> 0.45129167 | JV38: =$AJ38-JT38 -> 37.437 | JW38: =JR38-JH38 -> 0.0282 | JZ38: 28 | KA38: 9985 | KB38: 10.897 | KC38: 1.4602 | KD38: 0.5564 | KE38: =KB38/24 -> 0.45404167 | KF38: =$AJ38-KD38 -> 37.4336 | KG38: =KB38-JR38 -> 0.066 | KJ38: 28 | KK38: 9985 | KL38: 10.9191 | KM38: 1.4632 | KN38: 0.5575 | KO38: =KL38/24 -> 0.4549625 | KP38: =$AJ38-KN38 -> 37.4325 | KQ38: =KL38-KB38 -> 0.0221 | KT38: 28 | KU38: 9985 | KV38: 10.9423 | KW38: 1.4663 | KX38: 0.5587 | KY38: =KV38/24 -> 0.45592917 | KZ38: =$AJ38-KX38 -> 37.4313 | LA38: =KV38-KL38 -> 0.0232 | LD38: 28 | LE38: 9985 | LF38: 10.9617 | LG38: 1.4689 | LH38: 0.5597 | LI38: =LF38/24 -> 0.4567375 | LJ38: =$AJ38-LH38 -> 37.4303 | LK38: =LF38-KV38 -> 0.0194 | LN38: 28 | LO38: 9985 | LP38: 10.9889 | LQ38: 1.4726 | LR38: 0.561 | LS38: =LP38/24 -> 0.45787083 | LT38: =$AJ38-LR38 -> 37.429 | LU38: =LP38-LF38 -> 0.0272 | LX38: 28 | LY38: 9985 | LZ38: 11.0195 | MA38: 1.4767 | MB38: 0.5626 | MC38: =LZ38/24 -> 0.45914583 | MD38: =$AJ38-MB38 -> 37.4274 | ME38: =LZ38-LP38 -> 0.0306 | MH38: 28 | MI38: 9985 | MJ38: 11.0496 | MK38: 1.4807 | ML38: 0.5641 | MM38: =MJ38/24 -> 0.4604 | MN38: =$AJ38-ML38 -> 37.4259 | MO38: =MJ38-LZ38 -> 0.0301 | MR38: 28 | MS38: 9985 | MT38: 11.1071 | MU38: 1.4884 | MV38: 0.5671 | MW38: =MT38/24 -> 0.46279583 | MX38: =$AJ38-MV38 -> 37.4229 | MY38: =MT38-MJ38 -> 0.0575 | NB38: 28 | NC38: 9985 | ND38: 11.1659 | NE38: 1.4963 | NF38: 0.5701 | NG38: =ND38/24 -> 0.46524583 | NH38: =$AJ38-NF38 -> 37.4199 | NI38: =ND38-MT38 -> 0.0588 | NL38: 28 | NM38: 9985 | NN38: 11.1832 | NO38: 1.4986 | NP38: 0.571 | NQ38: =NN38/24 -> 0.46596667 | NR38: =$AJ38-NP38 -> 37.419 | NS38: =NN38-ND38 -> 0.0173 | NV38: 28 | NW38: 9985 | NX38: 11.2106 | NY38: 1.5023 | NZ38: 0.5724 | OA38: =NX38/24 -> 0.46710833 | OB38: =$AJ38-NZ38 -> 37.4176 | OC38: =NX38-NN38 -> 0.0274 | OF38: 28 | OG38: 9985 | OH38: 11.2244 | OI38: 1.5041 | OJ38: 0.5731 | OK38: =OH38/24 -> 0.46768333 | OL38: =$AJ38-OJ38 -> 37.4169 | OM38: =OH38-NX38 -> 0.0138 | OP38: 28 | OQ38: 9985 | OR38: =VLOOKUP(OQ38,Sheet4!A19:F95,3,0) -> 11.256 | OS38: =VLOOKUP(OQ38,Sheet4!A19:F95,4,0) -> 1.5083 | OT38: =VLOOKUP(OQ38,Sheet4!A19:F95,5,0) -> 0.5747 | OU38: =OR38/24 -> 0.469 | OV38: =$AJ38-OT38 -> 37.4153 | OW38: =OR38-OH38 -> 0.0316
A39: 31 | B39: 9982 | C39: B | D39: 37.96 | J39: 9982 | K39: 8.6686 | L39: 1.1616 | M39: 0.4426 | N39: =K39/24 -> 0.36119167 | O39: =D39-M39 -> 37.5174 | R39: 9982 | S39: 8.7387 | T39: 1.171 | U39: 0.4462 | V39: =S39/24 -> 0.3641125 | W39: =D39-U39 -> 37.5138 | Z39: 9982 | AA39: 8.9111 | AB39: 1.1941 | AC39: 0.455 | AD39: =AA39/24 -> 0.37129583 | AE39: =D39-AC39 -> 37.505 | AG39: 31 | AH39: 9982 | AI39: B | AJ39: 37.96 | AL39: 9982 | AM39: 9.0987 | AN39: 1.2193 | AO39: 0.4645 | AP39: =AM39/24 -> 0.3791125 | AQ39: =AJ39-AO39 -> 37.4955 | AU39: 9982 | AV39: 9.1785 | AW39: 1.23 | AX39: 0.4686 | AY39: =AV39/24 -> 0.3824375 | AZ39: =AJ39-AX39 -> 37.4914 | BD39: 9982 | BE39: 9.1875 | BF39: 1.2312 | BG39: 0.4691 | BH39: =BE39/24 -> 0.3828125 | BI39: =AJ39-BG39 -> 37.4909 | BN39: 9982 | BO39: 9.2212 | BP39: 1.2357 | BQ39: 0.4708 | BR39: =BO39/24 -> 0.38421667 | BS39: =AJ39-BQ39 -> 37.4892 | BX39: 9982 | BY39: 9.2875 | BZ39: 1.2446 | CA39: 0.4742 | CB39: =BY39/24 -> 0.38697917 | CC39: =AJ39-CA39 -> 37.4858 | CG39: 29 | CH39: 9982 | CI39: 9.3445 | CJ39: 1.2522 | CK39: 0.4771 | CL39: =CI39/24 -> 0.38935417 | CM39: =AJ39-CK39 -> 37.4829 | CQ39: 29 | CR39: 9982 | CS39: 9.4162 | CT39: 1.2618 | CU39: 0.4807 | CV39: =CS39/24 -> 0.39234167 | CW39: =AJ39-CU39 -> 37.4793 | DA39: 29 | DB39: 9982 | DC39: 9.4232 | DD39: 1.2627 | DE39: 0.4811 | DF39: =DC39/24 -> 0.39263333 | DG39: =AJ39-DE39 -> 37.4789 | DK39: 29 | DL39: 9982 | DM39: 9.505 | DN39: 1.2737 | DO39: 0.4853 | DP39: =DM39/24 -> 0.39604167 | DQ39: =AJ39-DO39 -> 37.4747 | DS39: =DM39-DC39 -> 0.0818 | DU39: 29 | DV39: 9982 | DW39: 9.556 | DX39: 1.2805 | DY39: 0.4879 | DZ39: =DW39/24 -> 0.39816667 | EA39: =AJ39-DY39 -> 37.4721 | EE39: 29 | EF39: 9982 | EG39: 9.6357 | EH39: 1.2912 | EI39: 0.492 | EJ39: =EG39/24 -> 0.4014875 | EK39: =AJ39-EI39 -> 37.468 | EM39: =EK39-EA39 -> -0.0041 | EO39: 29 | EP39: 9982 | EQ39: 9.7941 | ER39: 1.3124 | ES39: 0.5 | ET39: =EQ39/24 -> 0.4080875 | EU39: =AJ39-ES39 -> 37.46 | EY39: 29 | EZ39: 9982 | FA39: 9.8688 | FB39: 1.3225 | FC39: 0.5039 | FD39: =FA39/24 -> 0.4112 | FE39: =AJ39-FC39 -> 37.4561 | FG39: =FE39-EU39 -> -0.0039 | FI39: 29 | FJ39: 9982 | FK39: 9.9683 | FL39: 1.3358 | FM39: 0.5089 | FN39: =FK39/24 -> 0.41534583 | FO39: =AJ39-FM39 -> 37.4511 | FP39: =FO39-FE39 -> -0.005 | FS39: 29 | FT39: 9982 | FU39: 9.9888 | FV39: 1.3385 | FW39: 0.51 | FX39: =FU39/24 -> 0.4162 | FY39: =AJ39-FW39 -> 37.45 | FZ39: =FU39-FK39 -> 0.0205 | GC39: 29 | GD39: 9982 | GE39: 10.0395 | GF39: 1.3453 | GG39: 0.5126 | GH39: =GE39/24 -> 0.4183125 | GI39: =$AJ39-GG39 -> 37.4474 | GJ39: =GE39-FU39 -> 0.0507 | GM39: 29 | GN39: 9982 | GO39: 10.1468 | GP39: 1.3597 | GQ39: 0.518 | GR39: =GO39/24 -> 0.42278333 | GS39: =$AJ39-GQ39 -> 37.442 | GT39: =GO39-GE39 -> 0.1073 | GW39: 29 | GX39: 9982 | GY39: =VLOOKUP(GX39,Sheet3!$AJ$7:$AN$83,2,0) -> 10.283 | GZ39: =VLOOKUP(GX39,Sheet3!$AJ$7:$AN$83,3,0) -> 1.378 | HA39: =VLOOKUP(GX39,Sheet3!$AJ$7:$AN$83,4,0) -> 0.525 | HB39: =GY39/24 -> 0.42845833 | HC39: =$AJ39-HA39 -> 37.435 | HD39: =GY39-GO39 -> 0.1362 | HE39: =HA39-GQ39 -> 0.007 | HH39: 29 | HI39: 9982 | HJ39: 10.338 | HK39: 1.3853 | HL39: 0.5278 | HM39: =HJ39/24 -> 0.43075 | HN39: =$AJ39-HL39 -> 37.4322 | HO39: =HJ39-GY39 -> 0.055 | HR39: 29 | HS39: 9982 | HT39: 10.3738 | HU39: 1.3901 | HV39: 0.5296 | HW39: =HT39/24 -> 0.43224167 | HX39: =$AJ39-HV39 -> 37.4304 | HY39: =HT39-HJ39 -> 0.0358 | IB39: 29 | IC39: 9982 | ID39: 10.3893 | IE39: 1.3922 | IF39: 0.5304 | IG39: =ID39/24 -> 0.4328875 | IH39: =$AJ39-IF39 -> 37.4296 | II39: =ID39-HT39 -> 0.0155 | IL39: 29 | IM39: 9982 | IN39: 10.4709 | IO39: 1.4031 | IP39: 0.5346 | IQ39: =IN39/24 -> 0.4362875 | IR39: =$AJ39-IP39 -> 37.4254 | IS39: =IN39-ID39 -> 0.0816 | IV39: 29 | IW39: 9982 | IX39: 10.5811 | IY39: 1.4179 | IZ39: 0.5402 | JA39: =IX39/24 -> 0.44087917 | JB39: =$AJ39-IZ39 -> 37.4198 | JC39: =IX39-IN39 -> 0.1102 | JF39: 29 | JG39: 9982 | JH39: 10.6161 | JI39: 1.4226 | JJ39: 0.542 | JK39: =JH39/24 -> 0.4423375 | JL39: =$AJ39-JJ39 -> 37.418 | JM39: =JH39-IX39 -> 0.035 | JP39: 29 | JQ39: 9982 | JR39: 10.6443 | JS39: 1.4264 | JT39: 0.5434 | JU39: =JR39/24 -> 0.4435125 | JV39: =$AJ39-JT39 -> 37.4166 | JW39: =JR39-JH39 -> 0.0282 | JZ39: 29 | KA39: 9982 | KB39: 10.7103 | KC39: 1.4352 | KD39: 0.5468 | KE39: =KB39/24 -> 0.4462625 | KF39: =$AJ39-KD39 -> 37.4132 | KG39: =KB39-JR39 -> 0.066 | KJ39: 29 | KK39: 9982 | KL39: 10.7324 | KM39: 1.4382 | KN39: 0.5479 | KO39: =KL39/24 -> 0.44718333 | KP39: =$AJ39-KN39 -> 37.4121 | KQ39: =KL39-KB39 -> 0.0221 | KT39: 29 | KU39: 9982 | KV39: 10.7556 | KW39: 1.4413 | KX39: 0.5491 | KY39: =KV39/24 -> 0.44815 | KZ39: =$AJ39-KX39 -> 37.4109 | LA39: =KV39-KL39 -> 0.0232 | LD39: 29 | LE39: 9982 | LF39: 10.775 | LG39: 1.4439 | LH39: 0.5501 | LI39: =LF39/24 -> 0.44895833 | LJ39: =$AJ39-LH39 -> 37.4099 | LK39: =LF39-KV39 -> 0.0194 | LN39: 29 | LO39: 9982 | LP39: 10.8022 | LQ39: 1.4475 | LR39: 0.5515 | LS39: =LP39/24 -> 0.45009167 | LT39: =$AJ39-LR39 -> 37.4085 | LU39: =LP39-LF39 -> 0.0272 | LX39: 29 | LY39: 9982 | LZ39: 10.8328 | MA39: 1.4516 | MB39: 0.5531 | MC39: =LZ39/24 -> 0.45136667 | MD39: =$AJ39-MB39 -> 37.4069 | ME39: =LZ39-LP39 -> 0.0306 | MH39: 29 | MI39: 9982 | MJ39: 10.8629 | MK39: 1.4557 | ML39: 0.5546 | MM39: =MJ39/24 -> 0.45262083 | MN39: =$AJ39-ML39 -> 37.4054 | MO39: =MJ39-LZ39 -> 0.0301 | MR39: 29 | MS39: 9982 | MT39: 10.9204 | MU39: 1.4634 | MV39: 0.5575 | MW39: =MT39/24 -> 0.45501667 | MX39: =$AJ39-MV39 -> 37.4025 | MY39: =MT39-MJ39 -> 0.0575 | NB39: 29 | NC39: 9982 | ND39: 10.9792 | NE39: 1.4713 | NF39: 0.5605 | NG39: =ND39/24 -> 0.45746667 | NH39: =$AJ39-NF39 -> 37.3995 | NI39: =ND39-MT39 -> 0.0588 | NL39: 29 | NM39: 9982 | NN39: 10.9965 | NO39: 1.4736 | NP39: 0.5614 | NQ39: =NN39/24 -> 0.4581875 | NR39: =$AJ39-NP39 -> 37.3986 | NS39: =NN39-ND39 -> 0.0173 | NV39: 29 | NW39: 9982 | NX39: 11.0239 | NY39: 1.4772 | NZ39: 0.5628 | OA39: =NX39/24 -> 0.45932917 | OB39: =$AJ39-NZ39 -> 37.3972 | OC39: =NX39-NN39 -> 0.0274 | OF39: 29 | OG39: 9982 | OH39: 11.0377 | OI39: 1.4791 | OJ39: 0.5635 | OK39: =OH39/24 -> 0.45990417 | OL39: =$AJ39-OJ39 -> 37.3965 | OM39: =OH39-NX39 -> 0.0138 | OP39: 29 | OQ39: 9982 | OR39: =VLOOKUP(OQ39,Sheet4!A20:F96,3,0) -> 11.0693 | OS39: =VLOOKUP(OQ39,Sheet4!A20:F96,4,0) -> 1.4833 | OT39: =VLOOKUP(OQ39,Sheet4!A20:F96,5,0) -> 0.5651 | OU39: =OR39/24 -> 0.46122083 | OV39: =$AJ39-OT39 -> 37.3949 | OW39: =OR39-OH39 -> 0.0316
